;UserID;TrialID;Type;isFoV;SecInFov;TimesInFov;Detected;TimeToDetect;TimeToDetectFromFirst;Manipulation;Size;Distance;Isolated;Complexity;Detection Ratio
0;0;0;CH;False;11.523007958536596;8.0;False;45.1;0.01429659971814304;Manipulation_CH_001;0;1;1;0;19.0
1;0;1;AD;False;6.191024480440659;7.0;False;45.1;8.366427512086142;Manipulation_AD_002;1;1;0;1;19.0
2;0;2;FOV;True;9.550111471300651;1.0;True;18.6;9.04988852869933;Manipulation_FOV_RE_001;0;0;0;0;19.0
3;0;3;AD;False;4.441793375218415;8.0;False;45.1;11.81934644410573;Manipulation_AD_003;0;1;1;0;19.0
4;0;4;FOV;True;43.28035274815419;1.0;False;45.1;0.006943305077030882;Manipulation_FOV_RE_000;0;0;1;0;19.0
5;0;5;FOV;True;43.30860773598357;1.0;False;45.1;0.010235471475499755;Manipulation_FOV_CH_000;0;0;1;1;19.0
6;0;6;CH;False;10.284620237332957;5.0;True;26.0;14.031926525256946;Manipulation_CH_005;1;1;1;1;19.0
7;0;7;RE;False;15.110984527461357;10.0;True;29.8;8.65025387563468;Manipulation_RE_000;0;0;0;0;19.0
8;0;8;RE;False;6.150514823196873;15.0;False;45.1;0.009309592172982164;Manipulation_RE_004;0;1;1;1;19.0
10;0;10;RE;False;8.863417762103307;8.0;True;17.1;0.010234049374806913;Manipulation_RE_002;0;0;1;1;19.0
11;0;11;AD;False;11.73107956866982;12.0;False;45.1;0.011216713151311078;Manipulation_AD_005;1;1;0;0;19.0
12;0;12;FOV;True;9.5;1.0;True;9.5;0.006670480846758768;Manipulation_FOV_AD_000;1;1;0;1;19.0
13;0;13;FOV;True;43.084533531488056;1.0;False;45.1;0.00938361508453206;Manipulation_FOV_CH_002;1;1;0;1;19.0
14;0;14;CH;False;17.909292351679987;9.0;False;45.1;1.2208312059634188;Manipulation_CH_002;0;0;1;0;19.0
15;0;15;RE;False;20.7611010333105;10.0;True;31.3;0.011776245952091823;Manipulation_RE_001;0;1;0;0;19.0
16;0;16;FOV;True;4.680984445757059;1.0;True;6.4;1.7260720614293996;Manipulation_FOV_CH_001;1;0;1;0;19.0
17;0;17;AD;False;13.56958519715836;11.0;False;45.1;21.088229710934826;Manipulation_AD_004;1;0;1;0;19.0
19;0;19;RL;False;8.015665896843593;6.0;True;16.6;7.282866628175554;Manipulation_RL_000;0;0;1;0;19.0
23;0;23;CH;False;5.587474264341804;11.0;False;45.1;0.8141979914949763;Manipulation_CH_004;1;1;0;0;19.0
25;0;25;RL;False;7.77761585170975;7.0;True;35.6;22.415826142537664;Manipulation_RL_002;1;1;0;1;19.0
26;0;26;FOV;True;8.818888745482914;1.0;True;11.4;1.4544269488899468;Manipulation_FOV_AD_001;1;1;1;0;19.0
27;0;27;RL;False;9.904898905628944;7.0;True;33.9;22.10686926436665;Manipulation_RL_001;0;1;0;0;19.0
28;0;28;RL;False;12.137564868031928;9.0;False;45.1;15.429697933523126;Manipulation_RL_003;0;0;1;1;19.0
29;0;29;RE;False;11.267851431274938;13.0;False;45.1;1.7920501537733882;Manipulation_RE_005;1;0;1;1;19.0
30;0;30;AD;False;9.780995522232503;7.0;False;45.1;29.26485473289597;Manipulation_AD_001;0;1;0;0;19.0
31;0;31;CH;False;4.616049777179795;5.0;True;23.7;17.273320440595324;Manipulation_CH_006;1;1;0;0;19.0
32;0;32;RL;False;11.192235541814421;2.0;False;45.1;0.011976252347173307;Manipulation_RL_004;0;0;1;1;19.0
33;0;33;AD;False;5.243967288739711;6.0;True;8.4;0.9810861815895304;Manipulation_AD_000;0;0;0;0;19.0
34;0;34;RE;False;20.614759805207413;13.0;False;45.1;1.2528338953984184;Manipulation_RE_003;0;1;1;0;19.0
35;1;0;AD;False;16.890918983749824;5.0;True;37.3;4.821531280610304;Manipulation_AD_001;0;1;0;0;21.0
36;1;1;AD;False;9.094006155348817;6.0;False;45.1;3.2932110894606907;Manipulation_AD_004;1;0;1;0;21.0
37;1;2;FOV;True;21.838849973058228;1.0;True;27.5;0.4930336386729295;Manipulation_FOV_CH_001;1;0;1;0;21.0
38;1;3;RL;False;11.586586655538161;2.0;False;45.1;1.2307002063127277;Manipulation_RL_004;0;0;1;1;21.0
39;1;4;CH;False;14.566902924593803;6.0;True;36.2;6.358260860199992;Manipulation_CH_002;0;0;1;0;21.0
44;1;9;AD;False;4.4123847555614635;6.0;True;34.4;13.46369794045846;Manipulation_AD_003;0;1;1;0;21.0
45;1;10;CH;False;5.7877614063551714;7.0;True;13.1;2.2623236838933867;Manipulation_CH_003;0;1;1;1;21.0
46;1;11;RL;False;5.524520207179172;6.0;True;35.3;25.782366937858253;Manipulation_RL_001;0;1;0;0;21.0
47;1;12;AD;False;7.277814334807759;8.0;False;45.1;0.009730162888464108;Manipulation_AD_006;1;1;0;1;21.0
49;1;14;RL;False;11.547671768153783;12.0;False;45.1;3.1825138391403414;Manipulation_RL_006;1;1;1;1;21.0
50;1;15;RE;False;10.306475135018989;13.0;False;45.1;0.010055824400894912;Manipulation_RE_003;0;1;1;0;21.0
51;1;16;FOV;True;34.911092339223316;1.0;False;45.1;4.705359220074284;Manipulation_FOV_AD_000;1;1;0;1;21.0
52;1;17;AD;False;7.682166824529937;8.0;True;19.2;2.8013945708470187;Manipulation_AD_002;1;1;0;1;21.0
53;1;18;FOV;True;21.482406680465328;1.0;True;25.4;3.533991863535816;Manipulation_FOV_CH_002;1;1;0;1;21.0
54;1;19;RL;False;5.288932127732596;7.0;True;17.0;8.137896303078882;Manipulation_RL_000;0;0;1;0;21.0
55;1;20;CH;False;5.6536059318847895;8.0;False;45.1;0.011443688444496348;Manipulation_CH_001;0;1;1;0;21.0
56;1;21;AD;False;6.297033005312167;11.0;False;45.1;9.664510145432374;Manipulation_AD_005;1;1;0;0;21.0
57;1;22;RE;False;7.6993533381046095;10.0;True;28.6;0.010234127389844779;Manipulation_RE_006;1;1;0;0;21.0
58;1;23;FOV;True;40.835254268745324;1.0;False;45.1;0.011718634001398021;Manipulation_FOV_CH_000;0;0;1;1;21.0
60;1;25;FOV;True;18.404291141706647;1.0;True;24.7;2.746627808806236;Manipulation_FOV_AD_001;1;1;1;0;21.0
62;1;27;RL;False;4.4286624810646575;8.0;False;45.1;9.928934958032887;Manipulation_RL_002;1;1;0;1;21.0
63;1;28;RE;False;11.547515450142011;11.0;True;27.3;2.1564431267745734;Manipulation_RE_001;0;1;0;0;21.0
64;1;29;CH;False;5.23877283363514;9.0;False;45.1;9.3009388209541;Manipulation_CH_004;1;1;0;0;21.0
65;1;30;FOV;True;39.42143082405616;1.0;False;45.1;0.009600586584266069;Manipulation_FOV_RE_000;0;0;1;0;21.0
66;1;31;CH;False;6.101009075710761;5.0;True;18.9;11.248817769285953;Manipulation_CH_000;0;0;1;0;21.0
67;1;32;RE;False;8.17439633638554;11.0;False;45.1;1.1739279766861808;Manipulation_RE_000;0;0;0;0;21.0
68;1;33;RL;False;15.086299361055813;17.0;False;45.1;0.01159526552845702;Manipulation_RL_003;0;0;1;1;21.0
69;1;34;RE;False;14.622706583309533;9.0;True;17.3;0.919793204176114;Manipulation_RE_002;0;0;1;1;21.0
70;2;0;AD;False;19.09741803626029;8.0;False;45.1;5.256447575151087;Manipulation_AD_006;1;1;0;1;21.0
71;2;1;RE;False;18.030354912527024;5.0;False;45.1;7.455835348914229;Manipulation_RE_000;0;0;0;0;21.0
72;2;2;FOV;True;17.296286018329088;1.0;True;25.7;0.010845175080502062;Manipulation_FOV_CH_002;1;1;0;1;21.0
73;2;3;FOV;True;29.276111865132545;1.0;False;45.1;1.1779372913486927;Manipulation_FOV_AD_000;1;1;0;1;21.0
74;2;4;CH;False;8.275830461436168;5.0;False;45.1;0.011626599707947582;Manipulation_CH_003;0;1;1;1;21.0
75;2;5;RL;False;13.98249563291929;5.0;False;45.1;0.011641637498005923;Manipulation_RL_002;1;1;0;1;21.0
76;2;6;AD;False;16.20983910879377;5.0;False;45.1;0.011868803047458607;Manipulation_AD_005;1;1;0;0;21.0
77;2;7;AD;False;9.671228494559603;7.0;False;45.1;0.011811623532786695;Manipulation_AD_002;1;1;0;1;21.0
79;2;9;AD;False;10.782476230262418;5.0;True;29.3;8.420577612555928;Manipulation_AD_001;0;1;0;0;21.0
80;2;10;CH;False;11.098975706343806;5.0;False;45.1;0.01202117127409282;Manipulation_CH_001;0;1;1;0;21.0
81;2;11;CH;False;11.000657133645694;6.0;False;45.1;1.9411414970889789;Manipulation_CH_004;1;1;0;0;21.0
82;2;12;CH;False;9.963822388872835;3.0;True;25.1;0.01126173765343882;Manipulation_CH_006;1;1;0;0;21.0
83;2;13;RE;False;14.837972741754694;7.0;True;36.0;0.011894507050571938;Manipulation_RE_002;0;0;1;1;21.0
86;2;16;FOV;True;17.474131019790214;1.0;True;29.3;7.296664237259645;Manipulation_FOV_AD_001;1;1;1;0;21.0
88;2;18;RE;False;6.539001607684352;3.0;True;20.0;13.472394635625456;Manipulation_RE_005;1;0;1;1;21.0
89;2;19;CH;False;10.942847408543091;4.0;True;28.2;0.01080873898046976;Manipulation_CH_000;0;0;1;0;21.0
90;2;20;RL;False;12.806646716450794;4.0;False;45.1;0.011143751372739309;Manipulation_RL_003;0;0;1;1;21.0
93;2;23;AD;False;5.887278481012657;3.0;True;16.7;10.813099005424943;Manipulation_AD_003;0;1;1;0;21.0
95;2;25;RE;False;4.666879989760519;5.0;True;26.0;19.27193894693055;Manipulation_RE_004;0;1;1;1;21.0
97;2;27;CH;False;4.140036023054924;3.0;True;10.3;6.159963976945248;Manipulation_CH_002;0;0;1;0;21.0
98;2;28;FOV;True;17.636471480176443;1.0;True;26.7;6.344271506934791;Manipulation_FOV_RE_000;0;0;1;0;21.0
99;2;29;FOV;True;5.937565918336596;1.0;True;6.9;0.9694515594395188;Manipulation_FOV_CH_001;1;0;1;0;21.0
101;2;31;CH;False;8.820293619531641;6.0;False;45.1;0.011585887994538356;Manipulation_CH_005;1;1;1;1;21.0
102;2;32;RE;False;17.913989685626085;4.0;False;45.1;0.011776664894861963;Manipulation_RE_001;0;1;0;0;21.0
103;2;33;RL;False;14.068118953845062;2.0;False;45.1;8.770831442728216;Manipulation_RL_004;0;0;1;1;21.0
104;2;34;RE;False;4.667688292952021;6.0;False;45.1;1.6995506428480225;Manipulation_RE_003;0;1;1;0;21.0
105;3;0;CH;False;4.862654554515993;5.0;True;21.6;8.049901094171222;Manipulation_CH_003;0;1;1;1;17.0
106;3;1;AD;False;13.381454898556203;8.0;False;45.1;0.010317436152752851;Manipulation_AD_000;0;0;0;0;17.0
107;3;2;RL;False;10.102008845833405;2.0;False;45.1;7.461760118316034;Manipulation_RL_004;0;0;1;1;17.0
108;3;3;RL;False;14.457504127290957;9.0;False;45.1;0.011590494520692357;Manipulation_RL_000;0;0;1;0;17.0
110;3;5;CH;False;6.661292413500693;7.0;False;45.1;8.436399180347179;Manipulation_CH_002;0;0;1;0;17.0
111;3;6;RE;False;5.337222702391238;7.0;True;13.4;0.9051994723194824;Manipulation_RE_006;1;1;0;0;17.0
112;3;7;RE;False;14.085511718971063;13.0;False;45.1;0.011217223201427044;Manipulation_RE_000;0;0;0;0;17.0
113;3;8;FOV;True;38.04115092112888;1.0;False;45.1;4.9225011158527225;Manipulation_FOV_CH_000;0;0;1;1;17.0
114;3;9;AD;False;10.549977631246014;11.0;False;45.1;6.726867790939685;Manipulation_AD_004;1;0;1;0;17.0
115;3;10;FOV;True;7.393735105982682;1.0;True;7.4;0.006496927129065211;Manipulation_FOV_CH_001;1;0;1;0;17.0
116;3;11;RE;False;9.762914341378243;13.0;False;45.1;4.5160356144679294;Manipulation_RE_003;0;1;1;0;17.0
118;3;13;FOV;True;38.36016050709847;1.0;False;45.1;4.912150164955392;Manipulation_FOV_RE_001;0;0;0;0;17.0
119;3;14;CH;False;11.639641634789625;13.0;False;45.1;6.02205556674045;Manipulation_CH_004;1;1;0;0;17.0
120;3;15;AD;False;12.541521946122575;14.0;False;45.1;0.010640646460568632;Manipulation_AD_002;1;1;0;1;17.0
121;3;16;CH;False;10.164447647993258;9.0;False;45.1;2.429611503392878;Manipulation_CH_000;0;0;1;0;17.0
122;3;17;RL;False;6.597138113970167;7.0;True;22.6;3.2257750189469525;Manipulation_RL_002;1;1;0;1;17.0
123;3;18;FOV;True;7.493581710932482;1.0;True;7.5;0.006189064457970204;Manipulation_FOV_AD_001;1;1;1;0;17.0
125;3;20;RL;False;18.809888192276887;16.0;False;45.1;0.8020175762100872;Manipulation_RL_003;0;0;1;1;17.0
126;3;21;RE;False;11.867219958254983;12.0;False;45.1;6.556902892356602;Manipulation_RE_005;1;0;1;1;17.0
128;3;23;FOV;True;41.74432482423615;1.0;True;43.8;0.010618563180737456;Manipulation_FOV_CH_002;1;1;0;1;17.0
129;3;24;CH;False;8.837786477197618;7.0;True;24.9;0.010745495738403566;Manipulation_CH_005;1;1;1;1;17.0
130;3;25;RE;False;6.0347552906108675;8.0;True;34.3;2.3575499254842986;Manipulation_RE_004;0;1;1;1;17.0
131;3;26;FOV;True;40.629321086330926;1.0;False;45.1;1.80043031565135;Manipulation_FOV_AD_000;1;1;0;1;17.0
132;3;27;RL;False;10.573654045554674;8.0;True;35.4;3.291409819627989;Manipulation_RL_001;0;1;0;0;17.0
135;3;30;FOV;True;33.917451863240515;1.0;False;45.1;0.011556482904958714;Manipulation_FOV_RE_000;0;0;1;0;17.0
136;3;31;RE;False;11.523207653754001;11.0;True;35.2;0.011422939628147936;Manipulation_RE_001;0;1;0;0;17.0
137;3;32;AD;False;7.883385222267222;12.0;False;45.1;1.9310564115263789;Manipulation_AD_001;0;1;0;0;17.0
138;3;33;CH;False;10.533498412909553;7.0;True;18.6;1.6092200820966682;Manipulation_CH_001;0;1;1;0;17.0
140;4;0;AD;False;22.515076033683123;7.0;False;45.1;6.783275817969459;Manipulation_AD_001;0;1;0;0;21.0
142;4;2;RL;False;12.163429050768096;6.0;True;43.1;0.7177259921182664;Manipulation_RL_002;1;1;0;1;21.0
143;4;3;CH;False;6.017351245579697;5.0;True;25.8;0.8511859112167975;Manipulation_CH_001;0;1;1;0;21.0
144;4;4;FOV;True;16.046987530290433;1.0;True;32.3;4.571168430692324;Manipulation_FOV_RE_000;0;0;1;0;21.0
145;4;5;RL;False;22.49096847929612;4.0;False;45.1;3.7360039004036207;Manipulation_RL_003;0;0;1;1;21.0
146;4;6;CH;False;7.127475669247352;3.0;True;23.1;0.01035312962647665;Manipulation_CH_005;1;1;1;1;21.0
147;4;7;FOV;True;24.634144926924076;1.0;False;45.1;0.010954665343055418;Manipulation_FOV_CH_000;0;0;1;1;21.0
148;4;8;RL;False;19.06013805592333;7.0;False;45.1;1.4115604797881487;Manipulation_RL_001;0;1;0;0;21.0
149;4;9;RL;False;11.53671933173322;4.0;True;44.6;7.675552699714626;Manipulation_RL_000;0;0;1;0;21.0
150;4;10;FOV;True;16.54562771643062;1.0;True;19.1;0.011121508931645548;Manipulation_FOV_AD_000;1;1;0;1;21.0
152;4;12;RE;False;17.545178363501638;5.0;True;30.7;0.011373981158047712;Manipulation_RE_005;1;0;1;1;21.0
153;4;13;FOV;True;15.172179067865956;1.0;False;45.1;9.865729762878216;Manipulation_FOV_AD_001;1;1;1;0;21.0
156;4;16;RE;False;4.233160387374296;5.0;False;45.1;13.971885818739107;Manipulation_RE_004;0;1;1;1;21.0
157;4;17;RE;False;9.05065163000863;5.0;False;45.1;21.498244893386588;Manipulation_RE_000;0;0;0;0;21.0
158;4;18;CH;False;5.6899981700781606;3.0;True;29.0;23.31038088515933;Manipulation_CH_002;0;0;1;0;21.0
159;4;19;RE;False;4.532587642971954;4.0;True;30.2;0.8043758385695929;Manipulation_RE_006;1;1;0;0;21.0
163;4;23;AD;False;14.612272887708633;4.0;True;23.9;0.9062372892752104;Manipulation_AD_005;1;1;0;0;21.0
164;4;24;RE;False;13.47370583477337;6.0;False;45.1;0.011607044376734014;Manipulation_RE_003;0;1;1;0;21.0
165;4;25;AD;False;4.640805371620835;4.0;False;45.1;30.737377527234177;Manipulation_AD_002;1;1;0;1;21.0
166;4;26;RL;False;5.896718480138126;2.0;True;10.8;4.191709844559652;Manipulation_RL_005;0;1;1;1;21.0
167;4;27;CH;False;4.747515168643656;6.0;False;45.1;2.7288553083628946;Manipulation_CH_004;1;1;0;0;21.0
169;4;29;FOV;True;21.223980430306558;1.0;False;45.1;0.011926934773896804;Manipulation_FOV_CH_002;1;1;0;1;21.0
171;4;31;FOV;True;15.180316017924365;1.0;True;25.3;0.01106062735188625;Manipulation_FOV_CH_001;1;0;1;0;21.0
173;4;33;CH;False;9.064554947636369;6.0;True;27.3;14.721419802670574;Manipulation_CH_000;0;0;1;0;21.0
174;4;34;RL;False;24.55043720882284;2.0;False;45.1;0.008137174670824924;Manipulation_RL_004;0;0;1;1;21.0
175;5;0;RE;False;13.504481660714236;7.0;True;33.0;2.112911058112084;Manipulation_RE_004;0;1;1;1;26.0
176;5;1;AD;False;9.385133216557604;9.0;False;45.1;4.9998681663132665;Manipulation_AD_002;1;1;0;1;26.0
177;5;2;CH;False;4.4634749776014315;4.0;True;5.9;0.5253841887452522;Manipulation_CH_003;0;1;1;1;26.0
178;5;3;FOV;True;37.178394008737286;1.0;False;45.1;4.726301227376747;Manipulation_FOV_RE_001;0;0;0;0;26.0
179;5;4;FOV;True;25.292919925015486;1.0;True;26.4;0.011264618449637664;Manipulation_FOV_CH_002;1;1;0;1;26.0
180;5;5;RE;False;12.53043209923511;8.0;False;45.1;16.51708949716801;Manipulation_RE_000;0;0;0;0;26.0
181;5;6;FOV;True;8.059639747289207;1.0;True;15.6;5.71766662005671;Manipulation_FOV_CH_001;1;0;1;0;26.0
182;5;7;CH;False;8.890831393408202;6.0;True;39.9;0.011866564535346584;Manipulation_CH_001;0;1;1;0;26.0
183;5;8;FOV;True;12.794815938312235;1.0;True;13.4;0.010705043967560958;Manipulation_FOV_CH_000;0;0;1;1;26.0
184;5;9;RE;False;7.2303821107248;7.0;False;45.1;14.712667987692216;Manipulation_RE_003;0;1;1;0;26.0
187;5;12;FOV;True;29.54327898031301;1.0;True;33.4;0.011400604970602482;Manipulation_FOV_RE_000;0;0;1;0;26.0
188;5;13;RL;False;5.614303626059551;3.0;True;6.7;0.009408696524406212;Manipulation_RL_006;1;1;1;1;26.0
189;5;14;AD;False;6.063915367861365;4.0;True;13.7;6.2770514524933985;Manipulation_AD_004;1;0;1;0;26.0
190;5;15;RE;False;5.7098118431462;6.0;True;29.5;5.243925867329656;Manipulation_RE_006;1;1;0;0;26.0
191;5;16;RE;False;4.952606170852883;4.0;True;10.4;4.0077800321836135;Manipulation_RE_005;1;0;1;1;26.0
193;5;18;RL;False;11.077454264121899;9.0;False;45.1;0.01191444395173935;Manipulation_RL_002;1;1;0;1;26.0
194;5;19;CH;False;10.999269590355523;8.0;True;27.1;0.011251383934081436;Manipulation_CH_004;1;1;0;0;26.0
195;5;20;RE;False;10.799741510437679;8.0;False;45.1;4.28942619049841;Manipulation_RE_002;0;0;1;1;26.0
196;5;21;AD;False;11.860482721074176;10.0;False;45.1;6.153560780857082;Manipulation_AD_003;0;1;1;0;26.0
197;5;22;AD;False;5.879233691319207;4.0;True;7.3;0.009585893167009573;Manipulation_AD_001;0;1;0;0;26.0
198;5;23;CH;False;6.133158756137428;5.0;True;14.4;2.5044844517184948;Manipulation_CH_000;0;0;1;0;26.0
200;5;25;RL;False;20.722836237330398;2.0;False;45.1;0.0115562008882029;Manipulation_RL_004;0;0;1;1;26.0
202;5;27;FOV;True;7.722463965189004;1.0;True;9.5;1.7878705466413003;Manipulation_FOV_AD_000;1;1;0;1;26.0
203;5;28;RL;False;4.4297869980030296;2.0;True;5.8;0.009008209451970041;Manipulation_RL_005;0;1;1;1;26.0
205;5;30;RL;False;8.068760614809674;6.0;True;19.1;5.091278872282644;Manipulation_RL_000;0;0;1;0;26.0
206;5;31;FOV;True;5.024778440947761;1.0;True;10.0;4.975221559052239;Manipulation_FOV_AD_001;1;1;1;0;26.0
208;5;33;AD;False;4.086097197779926;4.0;True;11.2;5.140219304183041;Manipulation_AD_005;1;1;0;0;26.0
209;5;34;RL;False;12.704186017710304;10.0;False;45.1;3.361531157760055;Manipulation_RL_003;0;0;1;1;26.0
210;6;0;RL;False;21.40706509519996;7.0;False;45.1;0.011905868622283213;Manipulation_RL_001;0;1;0;0;19.0
211;6;1;RE;False;11.183610663996507;7.0;False;45.1;0.011208698726119787;Manipulation_RE_002;0;0;1;1;19.0
212;6;2;CH;False;9.518488293948696;6.0;False;45.1;0.011775046255861364;Manipulation_CH_003;0;1;1;1;19.0
213;6;3;AD;False;17.991099479906712;6.0;False;45.1;8.589247084999027;Manipulation_AD_000;0;0;0;0;19.0
214;6;4;CH;False;4.838024575368646;3.0;True;9.8;4.970772750234089;Manipulation_CH_006;1;1;0;0;19.0
216;6;6;FOV;True;25.954157676348494;1.0;True;41.8;1.6525241213817723;Manipulation_FOV_CH_000;0;0;1;1;19.0
217;6;7;RL;False;16.077302706150913;8.0;False;45.1;1.4899468751592764;Manipulation_RL_006;1;1;1;1;19.0
218;6;8;FOV;True;30.26346664723852;1.0;False;45.1;6.1330829292216755;Manipulation_FOV_AD_000;1;1;0;1;19.0
220;6;10;AD;False;10.950335476656258;7.0;False;45.1;0.011347497903193692;Manipulation_AD_005;1;1;0;0;19.0
221;6;11;RE;False;7.771540885047877;4.0;True;10.2;1.6477671474405131;Manipulation_RE_000;0;0;0;0;19.0
222;6;12;AD;False;10.198099084937212;10.0;True;40.4;0.011355521086017593;Manipulation_AD_003;0;1;1;0;19.0
223;6;13;RE;False;12.486978984418531;9.0;True;41.4;6.420097564991868;Manipulation_RE_001;0;1;0;0;19.0
224;6;14;FOV;True;10.589467333830148;1.0;True;10.6;0.010156499520936222;Manipulation_FOV_RE_001;0;0;0;0;19.0
225;6;15;AD;False;16.57344354457174;12.0;False;45.1;2.458067778056086;Manipulation_AD_006;1;1;0;1;19.0
226;6;16;RL;False;14.605093309428668;4.0;True;25.5;9.054983293945083;Manipulation_RL_000;0;0;1;0;19.0
227;6;17;FOV;True;4.409659893512954;1.0;True;5.3;0.8903401064869804;Manipulation_FOV_CH_001;1;0;1;0;19.0
228;6;18;RL;False;15.136775920594022;5.0;False;45.1;10.913746124904563;Manipulation_RL_003;0;0;1;1;19.0
229;6;19;RE;False;5.2651535646416265;9.0;False;45.1;10.263082246914946;Manipulation_RE_004;0;1;1;1;19.0
230;6;20;FOV;True;20.007439613526696;1.0;True;28.6;1.0961030595812955;Manipulation_FOV_AD_001;1;1;1;0;19.0
231;6;21;CH;False;9.721920287211232;6.0;True;28.7;0.8867048058259357;Manipulation_CH_001;0;1;1;0;19.0
232;6;22;FOV;True;34.4222517562181;1.0;False;45.1;1.3060053986676845;Manipulation_FOV_CH_002;1;1;0;1;19.0
233;6;23;CH;False;9.322091252234996;7.0;True;22.8;2.585967816700752;Manipulation_CH_000;0;0;1;0;19.0
234;6;24;AD;False;12.592184514185146;7.0;False;45.1;7.995919079817827;Manipulation_AD_001;0;1;0;0;19.0
235;6;25;AD;False;17.894696510641392;7.0;False;45.1;0.011772273443312095;Manipulation_AD_002;1;1;0;1;19.0
236;6;26;RE;False;5.155707562657434;5.0;True;8.9;1.4013498230638146;Manipulation_RE_003;0;1;1;0;19.0
237;6;27;RL;False;19.13030195712964;2.0;False;45.1;1.334085740913321;Manipulation_RL_004;0;0;1;1;19.0
238;6;28;FOV;True;39.71844586751509;1.0;False;45.1;1.687286919776216;Manipulation_FOV_RE_000;0;0;1;0;19.0
240;6;30;RL;False;11.927670358288147;6.0;True;30.0;14.222309340128437;Manipulation_RL_002;1;1;0;1;19.0
241;6;31;CH;False;12.73100917431223;6.0;True;39.2;10.601135456017328;Manipulation_CH_002;0;0;1;0;19.0
242;6;32;CH;False;10.788313627659726;9.0;False;45.1;10.190899667960911;Manipulation_CH_004;1;1;0;0;19.0
243;6;33;RE;False;13.224057899402682;7.0;True;28.1;0.011842927524014234;Manipulation_RE_005;1;0;1;1;19.0
280;8;0;RE;False;16.37859655384797;6.0;False;45.1;0.012663320527562692;Manipulation_RE_000;0;0;0;0;22.0
281;8;1;FOV;True;40.60946568847408;1.0;False;45.1;2.419843810889318;Manipulation_FOV_RE_001;0;0;0;0;22.0
282;8;2;RL;False;11.764418454922188;14.0;False;45.1;0.007073428387463015;Manipulation_RL_002;1;1;0;1;22.0
283;8;3;AD;False;10.600834743464127;5.0;True;23.4;2.101549659544483;Manipulation_AD_000;0;0;0;0;22.0
285;8;5;RL;False;18.380788843256504;7.0;False;45.1;3.6648451098268793;Manipulation_RL_006;1;1;1;1;22.0
286;8;6;RE;False;15.78350270568638;8.0;False;45.1;2.8019812129754693;Manipulation_RE_005;1;0;1;1;22.0
287;8;7;CH;False;11.675784727676687;6.0;False;45.1;0.010803192112585791;Manipulation_CH_000;0;0;1;0;22.0
289;8;9;FOV;True;25.734628725542752;1.0;True;28.1;0.005300767065202864;Manipulation_FOV_CH_002;1;1;0;1;22.0
291;8;11;FOV;True;8.649825610363711;1.0;True;14.3;5.650174389636213;Manipulation_FOV_AD_000;1;1;0;1;22.0
292;8;12;RL;False;12.034747880072649;2.0;False;45.1;6.084385410357309;Manipulation_RL_004;0;0;1;1;22.0
293;8;13;RL;False;7.622486576031076;2.0;True;29.4;1.6135067976693087;Manipulation_RL_005;0;1;1;1;22.0
294;8;14;CH;False;7.349316805183843;5.0;True;12.8;3.963870967741909;Manipulation_CH_002;0;0;1;0;22.0
295;8;15;FOV;True;19.42152187745617;1.0;True;33.6;2.5881947823484017;Manipulation_FOV_AD_001;1;1;1;0;22.0
298;8;18;CH;False;4.9373114378460405;4.0;True;7.9;0.008447584494945906;Manipulation_CH_003;0;1;1;1;22.0
301;8;21;AD;False;7.508657676984379;4.0;True;18.4;6.045341710082742;Manipulation_AD_001;0;1;0;0;22.0
303;8;23;CH;False;8.255311052125943;7.0;False;45.1;1.5292062676599345;Manipulation_CH_001;0;1;1;0;22.0
304;8;24;RL;False;20.735788167149448;6.0;False;45.1;0.9092263136119184;Manipulation_RL_003;0;0;1;1;22.0
305;8;25;AD;False;5.246672102548537;9.0;False;45.1;5.8076854520631525;Manipulation_AD_003;0;1;1;0;22.0
306;8;26;CH;False;6.866412415511724;7.0;False;45.1;6.7212334327681225;Manipulation_CH_004;1;1;0;0;22.0
309;8;29;FOV;True;15.993810397553501;1.0;True;20.3;2.9826544342508723;Manipulation_FOV_RE_000;0;0;1;0;22.0
310;8;30;FOV;True;4.400433473810977;1.0;True;7.8;3.399566526189024;Manipulation_FOV_CH_001;1;0;1;0;22.0
311;8;31;AD;False;8.008155806775713;8.0;False;45.1;5.917085155939318;Manipulation_AD_002;1;1;0;1;22.0
312;8;32;RE;False;8.038878097088725;10.0;False;45.1;4.135605324801508;Manipulation_RE_002;0;0;1;1;22.0
316;9;1;AD;False;12.947856790632295;5.0;False;45.1;0.01149316263220677;Manipulation_AD_006;1;1;0;1;16.0
318;9;3;FOV;True;22.595303062329677;1.0;False;45.1;1.1984642522442372;Manipulation_FOV_RE_001;0;0;0;0;16.0
319;9;4;CH;False;9.781424741550957;4.0;False;45.1;15.539208917048976;Manipulation_CH_002;0;0;1;0;16.0
320;9;5;RL;False;17.014358213616504;4.0;False;45.1;11.989939881324167;Manipulation_RL_006;1;1;1;1;16.0
321;9;6;RL;False;13.533857860783364;3.0;False;45.1;0.011802008317625096;Manipulation_RL_000;0;0;1;0;16.0
322;9;7;FOV;True;28.658554405043898;1.0;True;42.9;0.0069848733604803825;Manipulation_FOV_AD_000;1;1;0;1;16.0
323;9;8;RL;False;6.412710997004666;2.0;True;21.4;12.054728968763369;Manipulation_RL_005;0;1;1;1;16.0
324;9;9;RL;False;19.10685674595565;5.0;False;45.1;5.739414863393402;Manipulation_RL_001;0;1;0;0;16.0
326;9;11;AD;False;15.997272310831619;4.0;True;17.5;0.01020280681298363;Manipulation_AD_001;0;1;0;0;16.0
327;9;12;CH;False;12.766465022060773;4.0;False;45.1;0.011680587544291528;Manipulation_CH_004;1;1;0;0;16.0
328;9;13;AD;False;10.022506210270723;6.0;False;45.1;6.235951564610397;Manipulation_AD_002;1;1;0;1;16.0
329;9;14;RE;False;5.312785204991117;2.0;True;7.9;0.009857397504463348;Manipulation_RE_006;1;1;0;0;16.0
330;9;15;FOV;True;20.69473345339517;1.0;False;45.1;0.011362639618557671;Manipulation_FOV_RE_000;0;0;1;0;16.0
331;9;16;AD;False;5.1035487158196435;3.0;False;45.1;38.53853767620922;Manipulation_AD_003;0;1;1;0;16.0
332;9;17;RL;False;19.639235360756892;2.0;False;45.1;0.011592395495196896;Manipulation_RL_004;0;0;1;1;16.0
333;9;18;RE;False;5.3805585940349285;4.0;False;45.1;13.184177422883444;Manipulation_RE_004;0;1;1;1;16.0
336;9;21;RL;False;11.033947618197406;4.0;False;45.1;3.951351833926884;Manipulation_RL_003;0;0;1;1;16.0
337;9;22;RE;False;12.03551536278238;7.0;False;45.1;0.01202735394394586;Manipulation_RE_002;0;0;1;1;16.0
338;9;23;RL;False;8.052334251297212;5.0;False;45.1;19.54553007737121;Manipulation_RL_002;1;1;0;1;16.0
339;9;24;CH;False;4.940686925641849;4.0;True;14.2;8.466724497817811;Manipulation_CH_003;0;1;1;1;16.0
340;9;25;FOV;True;19.314298241565307;1.0;False;45.1;15.917696035445552;Manipulation_FOV_CH_001;1;0;1;0;16.0
342;9;27;FOV;True;25.884139079531646;1.0;True;38.5;0.010880096891320318;Manipulation_FOV_CH_002;1;1;0;1;16.0
343;9;28;FOV;True;15.591581744413967;1.0;False;45.1;6.565396483742482;Manipulation_FOV_AD_001;1;1;1;0;16.0
344;9;29;CH;False;15.105532894736903;6.0;False;45.1;0.012292293233081154;Manipulation_CH_005;1;1;1;1;16.0
345;9;30;CH;False;4.555034651447175;4.0;True;11.7;6.388422339991751;Manipulation_CH_000;0;0;1;0;16.0
346;9;31;RE;False;8.495506057531419;4.0;True;34.1;24.74489663687828;Manipulation_RE_000;0;0;0;0;16.0
347;9;32;RE;False;5.061899542890695;4.0;True;14.3;8.451789676281063;Manipulation_RE_003;0;1;1;0;16.0
348;9;33;AD;False;19.376092811664613;6.0;False;45.1;8.019647292834406;Manipulation_AD_005;1;1;0;0;16.0
349;9;34;AD;False;23.145260306182397;6.0;True;44.4;1.6119354921153608;Manipulation_AD_000;0;0;0;0;16.0
350;10;0;RE;False;8.684187059378504;6.0;True;32.0;5.5503776986552715;Manipulation_RE_004;0;1;1;1;22.0
351;10;1;AD;False;8.237001339115213;8.0;False;45.1;27.210016056244715;Manipulation_AD_006;1;1;0;1;22.0
352;10;2;RL;False;12.411760444404932;2.0;False;45.1;0.011692960000741031;Manipulation_RL_004;0;0;1;1;22.0
353;10;3;RE;False;5.571618449903027;5.0;True;15.8;6.4832571646530415;Manipulation_RE_003;0;1;1;0;22.0
354;10;4;AD;False;10.561814896110887;9.0;False;45.1;0.011875878734405423;Manipulation_AD_002;1;1;0;1;22.0
358;10;8;RL;False;9.690982792232084;6.0;True;16.6;2.2509245894878944;Manipulation_RL_001;0;1;0;0;22.0
359;10;9;CH;False;10.423667184927911;7.0;False;45.1;15.103103978626175;Manipulation_CH_001;0;1;1;0;22.0
360;10;10;AD;False;6.854718516108108;7.0;True;29.9;7.0510214412264585;Manipulation_AD_003;0;1;1;0;22.0
361;10;11;FOV;True;18.7;1.0;True;18.7;0.011230749431606823;Manipulation_FOV_CH_000;0;0;1;1;22.0
362;10;12;CH;False;4.779962192816726;5.0;True;11.0;0.010586011342162563;Manipulation_CH_005;1;1;1;1;22.0
363;10;13;CH;False;10.26010043585351;8.0;False;45.1;0.011965131703530871;Manipulation_CH_004;1;1;0;0;22.0
364;10;14;CH;False;13.148238245467374;12.0;False;45.1;5.872565471891745;Manipulation_CH_002;0;0;1;0;22.0
365;10;15;AD;False;4.3828043704473965;4.0;True;6.9;1.9003121748179184;Manipulation_AD_005;1;1;0;0;22.0
366;10;16;FOV;True;13.333128983603494;1.0;True;16.4;1.6676884153164335;Manipulation_FOV_CH_002;1;1;0;1;22.0
367;10;17;RL;False;7.5821804095184735;6.0;True;25.5;14.762174875484266;Manipulation_RL_000;0;0;1;0;22.0
368;10;18;CH;False;13.463515597089364;14.0;False;45.1;3.2466267416279333;Manipulation_CH_003;0;1;1;1;22.0
369;10;19;FOV;True;40.09003389314145;1.0;False;45.1;3.0361219010624536;Manipulation_FOV_RE_000;0;0;1;0;22.0
371;10;21;RL;False;9.047815658728592;7.0;False;45.1;20.058180572211782;Manipulation_RL_002;1;1;0;1;22.0
372;10;22;RE;False;6.027190915138213;6.0;False;45.1;0.012428965124012505;Manipulation_RE_002;0;0;1;1;22.0
373;10;23;RE;False;4.722181955454951;4.0;True;21.2;15.65350698376742;Manipulation_RE_001;0;1;0;0;22.0
375;10;25;FOV;True;11.94198759955653;1.0;True;15.7;2.710580703699954;Manipulation_FOV_AD_001;1;1;1;0;22.0
376;10;26;RL;False;6.018561584840798;2.0;True;26.1;14.26603502727536;Manipulation_RL_005;0;1;1;1;22.0
377;10;27;RE;False;8.398664334401419;10.0;False;45.1;15.362751566198607;Manipulation_RE_005;1;0;1;1;22.0
378;10;28;FOV;True;41.849808921593215;1.0;False;45.1;1.971746275480624;Manipulation_FOV_AD_000;1;1;0;1;22.0
379;10;29;RE;False;7.368103917654048;6.0;True;32.4;9.564842230807107;Manipulation_RE_000;0;0;0;0;22.0
381;10;31;RL;False;6.638804228000718;7.0;False;45.1;3.5132602110295266;Manipulation_RL_003;0;0;1;1;22.0
382;10;32;AD;False;5.14083791537166;6.0;True;35.5;27.583152043987685;Manipulation_AD_001;0;1;0;0;22.0
383;10;33;FOV;True;8.08356409838731;1.0;True;20.0;11.031112559048765;Manipulation_FOV_CH_001;1;0;1;0;22.0
385;11;0;AD;False;9.040609859586086;5.0;False;45.1;7.812076595828958;Manipulation_AD_006;1;1;0;1;17.0
386;11;1;AD;False;5.989894942055651;4.0;False;45.1;17.048947615437378;Manipulation_AD_003;0;1;1;0;17.0
387;11;2;FOV;True;33.49657764044103;1.0;False;45.1;1.2770966875655567;Manipulation_FOV_AD_000;1;1;0;1;17.0
388;11;3;CH;False;11.24755374779159;4.0;True;27.5;9.188012317823189;Manipulation_CH_005;1;1;1;1;17.0
389;11;4;AD;False;10.37641752190243;6.0;False;45.1;7.464073091364185;Manipulation_AD_002;1;1;0;1;17.0
390;11;5;FOV;True;5.747544488195655;1.0;True;6.2;0.4524555118043454;Manipulation_FOV_CH_001;1;0;1;0;17.0
391;11;6;RE;False;20.49232646693429;6.0;False;45.1;5.633977903528116;Manipulation_RE_000;0;0;0;0;17.0
392;11;7;RL;False;22.46460844154726;5.0;False;45.1;0.010800667439042571;Manipulation_RL_001;0;1;0;0;17.0
393;11;8;CH;False;11.994931290831307;4.0;False;45.1;0.011440264323789051;Manipulation_CH_000;0;0;1;0;17.0
394;11;9;AD;False;10.860696653350411;4.0;False;45.1;4.011731175096116;Manipulation_AD_004;1;0;1;0;17.0
395;11;10;RE;False;14.398901372592551;7.0;False;45.1;7.646049184562072;Manipulation_RE_005;1;0;1;1;17.0
396;11;11;AD;False;20.201517866356443;6.0;True;43.4;4.781055752038025;Manipulation_AD_001;0;1;0;0;17.0
398;11;13;AD;False;14.021357123546872;4.0;False;45.1;7.878447110588991;Manipulation_AD_000;0;0;0;0;17.0
400;11;15;CH;False;11.676339659963215;5.0;False;45.1;0.011894692224376236;Manipulation_CH_001;0;1;1;0;17.0
401;11;16;FOV;True;8.497748654903933;1.0;True;10.8;0.008764916288450853;Manipulation_FOV_AD_001;1;1;1;0;17.0
403;11;18;CH;False;16.34605415806008;5.0;False;45.1;7.344600699848169;Manipulation_CH_006;1;1;0;0;17.0
404;11;19;RE;False;8.048743718592952;4.0;True;21.3;11.141457286432193;Manipulation_RE_004;0;1;1;1;17.0
405;11;20;FOV;True;31.28824253257688;1.0;True;31.3;0.010946607600857056;Manipulation_FOV_RE_001;0;0;0;0;17.0
406;11;21;RE;False;14.957105716840761;8.0;False;45.1;6.402288211378338;Manipulation_RE_003;0;1;1;0;17.0
407;11;22;CH;False;6.8271222807613166;4.0;True;18.3;9.157775322909666;Manipulation_CH_003;0;1;1;1;17.0
408;11;23;RL;False;12.68108418672191;2.0;False;45.1;0.011608538177186037;Manipulation_RL_004;0;0;1;1;17.0
409;11;24;FOV;True;25.75738087304235;1.0;True;27.8;0.011193491058534656;Manipulation_FOV_CH_002;1;1;0;1;17.0
411;11;26;FOV;True;35.375686604140796;1.0;False;45.1;7.446966908511692;Manipulation_FOV_RE_000;0;0;1;0;17.0
412;11;27;RL;False;13.066526457077105;5.0;False;45.1;2.6217460347468142;Manipulation_RL_003;0;0;1;1;17.0
413;11;28;RL;False;6.203243557664771;4.0;False;45.1;19.419229597348217;Manipulation_RL_002;1;1;0;1;17.0
414;11;29;RE;False;8.966780765829256;4.0;True;23.7;0.010868354679077034;Manipulation_RE_002;0;0;1;1;17.0
416;11;31;AD;False;12.41713954343582;5.0;False;45.1;16.28742232657259;Manipulation_AD_005;1;1;0;0;17.0
417;11;32;RL;False;11.18790470231069;4.0;True;16.7;4.907939929082974;Manipulation_RL_000;0;0;1;0;17.0
420;12;0;RL;False;19.934437351961133;6.0;False;45.1;10.601254566622504;Manipulation_RL_001;0;1;0;0;20.0
421;12;1;RE;False;8.904151360645542;10.0;True;31.4;6.076000116657558;Manipulation_RE_004;0;1;1;1;20.0
422;12;2;RE;False;9.703382377047328;10.0;False;45.1;1.17954491686493;Manipulation_RE_005;1;0;1;1;20.0
423;12;3;RL;False;11.1092939940116;7.0;False;45.1;14.389518030833276;Manipulation_RL_002;1;1;0;1;20.0
424;12;4;FOV;True;42.293118963437436;1.0;False;45.1;0.011223606087410966;Manipulation_FOV_RE_001;0;0;0;0;20.0
425;12;5;RE;False;4.845143277002163;5.0;True;12.8;6.3177369581190135;Manipulation_RE_006;1;1;0;0;20.0
426;12;6;RL;False;4.167380884384741;2.0;True;20.4;12.660898895483903;Manipulation_RL_005;0;1;1;1;20.0
428;12;8;CH;False;6.742145293212202;6.0;True;15.0;3.897398364168658;Manipulation_CH_005;1;1;1;1;20.0
429;12;9;CH;False;6.613046224661616;14.0;False;45.1;7.465122422707082;Manipulation_CH_004;1;1;0;0;20.0
430;12;10;FOV;True;33.954705575910076;1.0;False;45.1;6.100489524275737;Manipulation_FOV_CH_000;0;0;1;1;20.0
431;12;11;FOV;True;13.766466795906371;1.0;True;17.0;0.010729903971875464;Manipulation_FOV_CH_002;1;1;0;1;20.0
432;12;12;FOV;True;11.090515591031494;1.0;True;24.7;13.609885135792858;Manipulation_FOV_AD_000;1;1;0;1;20.0
433;12;13;AD;False;14.958914796480608;10.0;False;45.1;5.7667791985166375;Manipulation_AD_006;1;1;0;1;20.0
434;12;14;AD;False;18.33997463478786;11.0;False;45.1;0.011863403635688885;Manipulation_AD_005;1;1;0;0;20.0
436;12;16;AD;False;8.195556358381364;7.0;False;45.1;5.566623916185038;Manipulation_AD_002;1;1;0;1;20.0
437;12;17;CH;False;8.031677477297642;7.0;True;19.6;2.6694022552639716;Manipulation_CH_001;0;1;1;0;20.0
439;12;19;RL;False;11.584828797522249;9.0;False;45.1;4.780094052767733;Manipulation_RL_003;0;0;1;1;20.0
440;12;20;RL;False;7.808046816577049;2.0;False;45.1;16.24120797899167;Manipulation_RL_004;0;0;1;1;20.0
441;12;21;AD;False;16.08167694204687;7.0;True;21.2;2.417022194821183;Manipulation_AD_001;0;1;0;0;20.0
442;12;22;AD;False;10.277777123552903;10.0;False;45.1;10.791616189123344;Manipulation_AD_000;0;0;0;0;20.0
443;12;23;RL;False;7.603042715038117;5.0;True;12.6;3.5589233469865325;Manipulation_RL_006;1;1;1;1;20.0
444;12;24;AD;False;7.715097947135479;4.0;True;10.5;2.059003086005644;Manipulation_AD_004;1;0;1;0;20.0
445;12;25;RE;False;12.461195878875312;8.0;True;26.0;1.15874484467378;Manipulation_RE_000;0;0;0;0;20.0
446;12;26;CH;False;18.470913477272973;7.0;False;45.1;0.01180815948674201;Manipulation_CH_002;0;0;1;0;20.0
447;12;27;FOV;True;16.030350788001925;1.0;True;26.2;0.011238561260632144;Manipulation_FOV_CH_001;1;0;1;0;20.0
448;12;28;RL;False;12.82938262655514;7.0;True;30.6;0.011501751842369824;Manipulation_RL_000;0;0;1;0;20.0
449;12;29;RE;False;8.591634495287938;8.0;False;45.1;17.946287044396502;Manipulation_RE_003;0;1;1;0;20.0
450;12;30;CH;False;4.098566943675033;4.0;True;10.1;5.150533702677703;Manipulation_CH_003;0;1;1;1;20.0
453;12;33;AD;False;5.880101561030459;5.0;True;9.5;0.010005642279569295;Manipulation_AD_003;0;1;1;0;20.0
454;12;34;RE;False;22.840246954567647;15.0;False;45.1;0.01238156651432319;Manipulation_RE_002;0;0;1;1;20.0
455;13;0;FOV;True;30.27282405329257;1.0;True;38.3;0.012200863771220328;Manipulation_FOV_CH_002;1;1;0;1;20.0
457;13;2;CH;False;4.543796499449532;5.0;True;9.9;2.3067129187728965;Manipulation_CH_006;1;1;0;0;20.0
458;13;3;AD;False;15.766038523311664;10.0;False;45.1;3.0132036737958847;Manipulation_AD_005;1;1;0;0;20.0
459;13;4;CH;False;12.066939016952718;7.0;False;45.1;0.011415784333035951;Manipulation_CH_003;0;1;1;1;20.0
460;13;5;RE;False;16.610699917281636;8.0;False;45.1;13.589709446192082;Manipulation_RE_000;0;0;0;0;20.0
462;13;7;FOV;True;36.67314544602971;1.0;False;45.1;7.295056023922735;Manipulation_FOV_RE_001;0;0;0;0;20.0
464;13;9;RL;False;13.33844499738879;5.0;False;45.1;0.01162924052057923;Manipulation_RL_001;0;1;0;0;20.0
465;13;10;RL;False;15.569993890088794;5.0;False;45.1;5.4001391752436865;Manipulation_RL_003;0;0;1;1;20.0
466;13;11;RE;False;7.754811390743503;5.0;True;36.2;0.01156879529752318;Manipulation_RE_003;0;1;1;0;20.0
467;13;12;FOV;True;33.660527229786155;1.0;False;45.1;8.178604299805489;Manipulation_FOV_AD_001;1;1;1;0;20.0
468;13;13;FOV;True;42.43949843260177;1.0;False;45.1;0.011567398119140962;Manipulation_FOV_RE_000;0;0;1;0;20.0
470;13;15;CH;False;9.420988195390654;8.0;False;45.1;11.673431530407068;Manipulation_CH_001;0;1;1;0;20.0
472;13;17;RE;False;8.627972224999306;6.0;False;45.1;6.3567197142519705;Manipulation_RE_004;0;1;1;1;20.0
473;13;18;CH;False;4.014994307067962;3.0;True;10.3;6.293425393396238;Manipulation_CH_005;1;1;1;1;20.0
474;13;19;CH;False;8.811106040727939;5.0;False;45.1;0.012434164242388123;Manipulation_CH_004;1;1;0;0;20.0
475;13;20;RE;False;9.551099986221493;4.0;False;45.1;16.479842006154403;Manipulation_RE_005;1;0;1;1;20.0
476;13;21;AD;False;11.591095728781578;5.0;True;26.0;4.977078580980161;Manipulation_AD_006;1;1;0;1;20.0
480;13;25;AD;False;19.54835861832541;5.0;False;45.1;0.012026323057347424;Manipulation_AD_000;0;0;0;0;20.0
482;13;27;RE;False;9.855294195537779;4.0;False;45.1;6.530241466390583;Manipulation_RE_002;0;0;1;1;20.0
483;13;28;AD;False;6.418328929986884;3.0;True;10.9;4.481343821304179;Manipulation_AD_001;0;1;0;0;20.0
486;13;31;RL;False;6.707420036321585;6.0;True;19.4;5.963948704643988;Manipulation_RL_002;1;1;0;1;20.0
487;13;32;RE;False;8.840500861119764;5.0;True;25.8;13.665572150540704;Manipulation_RE_006;1;1;0;0;20.0
488;13;33;AD;False;6.0860547712650375;5.0;True;16.7;8.754369192280137;Manipulation_AD_002;1;1;0;1;20.0
490;14;0;AD;False;7.4423181242008445;6.0;True;14.3;0.5441882220094212;Manipulation_AD_001;0;1;0;0;23.0
491;14;1;RL;False;11.040287840359174;13.0;False;45.1;11.375373086707356;Manipulation_RL_002;1;1;0;1;23.0
492;14;2;RL;False;15.681820831197404;6.0;False;45.1;7.8061249074443415;Manipulation_RL_003;0;0;1;1;23.0
493;14;3;RE;False;11.09249796140254;5.0;True;20.4;6.937387877140534;Manipulation_RE_001;0;1;0;0;23.0
494;14;4;FOV;True;16.550307301739554;1.0;True;21.5;2.97525512908064;Manipulation_FOV_RE_000;0;0;1;0;23.0
495;14;5;RE;False;5.87945720704742;8.0;False;45.1;0.011774955658037631;Manipulation_RE_004;0;1;1;1;23.0
496;14;6;AD;False;5.69002159181562;6.0;False;45.1;2.2480915805247217;Manipulation_AD_002;1;1;0;1;23.0
497;14;7;RE;False;14.438865337072524;8.0;False;45.1;7.552512800072114;Manipulation_RE_005;1;0;1;1;23.0
498;14;8;AD;False;6.699151945886009;7.0;False;45.1;0.011898568765808595;Manipulation_AD_003;0;1;1;0;23.0
499;14;9;RL;False;7.598307271759932;5.0;True;18.0;9.123964212985332;Manipulation_RL_001;0;1;0;0;23.0
500;14;10;RE;False;8.87183608940676;7.0;True;28.6;4.634248646377799;Manipulation_RE_003;0;1;1;0;23.0
501;14;11;FOV;True;43.24654072780591;1.0;False;45.1;0.011792060809241877;Manipulation_FOV_RE_001;0;0;0;0;23.0
503;14;13;RE;False;16.45161493013228;9.0;True;44.3;7.254680671480808;Manipulation_RE_000;0;0;0;0;23.0
504;14;14;RL;False;7.374450831451415;2.0;True;21.8;5.389954150414015;Manipulation_RL_005;0;1;1;1;23.0
505;14;15;FOV;True;37.188657672078655;1.0;True;37.2;0.010937244781305448;Manipulation_FOV_CH_000;0;0;1;1;23.0
507;14;17;CH;False;13.587716371219988;10.0;False;45.1;1.7862148070907666;Manipulation_CH_002;0;0;1;0;23.0
508;14;18;AD;False;9.660429210239096;8.0;False;45.1;4.0350374986796185;Manipulation_AD_004;1;0;1;0;23.0
509;14;19;RL;False;17.631151243590704;2.0;True;44.9;2.6873837691137337;Manipulation_RL_004;0;0;1;1;23.0
510;14;20;CH;False;11.614442255602148;6.0;True;29.1;0.011146679799728894;Manipulation_CH_001;0;1;1;0;23.0
511;14;21;FOV;True;26.54628149501409;1.0;True;38.9;1.0515614295501703;Manipulation_FOV_AD_001;1;1;1;0;23.0
512;14;22;CH;False;5.466562655130827;4.0;True;7.0;0.007198071058789195;Manipulation_CH_000;0;0;1;0;23.0
513;14;23;AD;False;13.472784122575955;8.0;False;45.1;4.720842425444748;Manipulation_AD_005;1;1;0;0;23.0
515;14;25;AD;False;11.856037502575527;10.0;False;45.1;5.820935503811962;Manipulation_AD_000;0;0;0;0;23.0
516;14;26;CH;False;12.641343498165407;11.0;False;45.1;3.939915251030928;Manipulation_CH_004;1;1;0;0;23.0
518;14;28;FOV;True;9.486593436583163;1.0;True;10.0;0.5130654294875873;Manipulation_FOV_AD_000;1;1;0;1;23.0
519;14;29;AD;False;7.194229159562353;7.0;True;25.3;4.554188238211785;Manipulation_AD_006;1;1;0;1;23.0
521;14;31;RE;False;9.252243845074817;11.0;True;43.6;3.3381017412085496;Manipulation_RE_002;0;0;1;1;23.0
522;14;32;FOV;True;8.175106601176559;1.0;True;13.4;0.010125762400909864;Manipulation_FOV_CH_002;1;1;0;1;23.0
525;15;0;RE;False;5.961662717595407;6.0;False;45.1;7.813178385714713;Manipulation_RE_002;0;0;1;1;25.0
528;15;3;AD;False;5.878222075453973;4.0;True;24.7;0.011075444270712123;Manipulation_AD_003;0;1;1;0;25.0
529;15;4;RE;False;10.030715033370024;8.0;True;40.1;0.011661615053414787;Manipulation_RE_001;0;1;0;0;25.0
530;15;5;CH;False;22.26170586676744;6.0;False;45.1;0.010852412163556584;Manipulation_CH_000;0;0;1;0;25.0
531;15;6;RE;False;4.083626439459506;4.0;True;7.2;0.006637822006252685;Manipulation_RE_003;0;1;1;0;25.0
532;15;7;RE;False;25.46506162161747;6.0;False;45.1;0.011693534650780308;Manipulation_RE_000;0;0;0;0;25.0
533;15;8;RL;False;10.914969703083697;8.0;False;45.1;6.736241372190567;Manipulation_RL_006;1;1;1;1;25.0
534;15;9;AD;False;9.849076875812374;7.0;False;45.1;7.142416069951576;Manipulation_AD_006;1;1;0;1;25.0
538;15;13;AD;False;13.193006083260062;6.0;False;45.1;9.030990728525342;Manipulation_AD_002;1;1;0;1;25.0
542;15;17;FOV;True;15.754219260588155;1.0;True;33.3;9.178640994425628;Manipulation_FOV_RE_000;0;0;1;0;25.0
544;15;19;CH;False;7.910652274321326;5.0;True;23.5;6.983226987358256;Manipulation_CH_001;0;1;1;0;25.0
545;15;20;AD;False;7.141489898240745;5.0;True;12.2;3.265084403833028;Manipulation_AD_004;1;0;1;0;25.0
547;15;22;RE;False;19.40464661909625;5.0;False;45.1;3.994160342809693;Manipulation_RE_005;1;0;1;1;25.0
548;15;23;RL;False;12.275459964507133;5.0;True;26.1;0.011084651670744648;Manipulation_RL_001;0;1;0;0;25.0
551;15;26;FOV;True;5.349163879598698;1.0;True;12.1;6.76053511705682;Manipulation_FOV_CH_001;1;0;1;0;25.0
552;15;27;RL;False;7.697361378189172;5.0;True;42.4;0.011767737842626412;Manipulation_RL_002;1;1;0;1;25.0
553;15;28;FOV;True;16.187405084511777;1.0;True;19.6;3.4230321677218396;Manipulation_FOV_RE_001;0;0;0;0;25.0
555;15;30;AD;False;24.077948893875156;7.0;False;45.1;4.783726148311637;Manipulation_AD_005;1;1;0;0;25.0
557;15;32;RL;False;16.26566528917769;2.0;False;45.1;0.012024147321424546;Manipulation_RL_004;0;0;1;1;25.0
560;16;0;FOV;True;10.026106547994614;1.0;True;13.0;2.973966039990393;Manipulation_FOV_CH_001;1;0;1;0;17.0
561;16;1;CH;False;10.90605650376732;8.0;False;45.1;4.885698584561026;Manipulation_CH_003;0;1;1;1;17.0
562;16;2;CH;False;9.664619602467427;8.0;False;45.1;3.432392049348877;Manipulation_CH_001;0;1;1;0;17.0
563;16;3;RL;False;13.432664332480634;2.0;False;45.1;5.490836513029529;Manipulation_RL_005;0;1;1;1;17.0
565;16;5;FOV;True;23.918157073206586;1.0;True;33.5;5.730320166971421;Manipulation_FOV_RE_001;0;0;0;0;17.0
566;16;6;RE;False;4.140123514062583;5.0;False;45.1;10.221268665618666;Manipulation_RE_004;0;1;1;1;17.0
568;16;8;RL;False;17.797760307888094;2.0;False;45.1;0.011253030279894551;Manipulation_RL_004;0;0;1;1;17.0
569;16;9;AD;False;6.716466949539893;4.0;True;23.8;0.011446949300203487;Manipulation_AD_003;0;1;1;0;17.0
570;16;10;CH;False;5.724668124467758;5.0;True;40.7;0.011026395231836959;Manipulation_CH_004;1;1;0;0;17.0
571;16;11;FOV;True;35.67813537320357;1.0;False;45.1;3.8898488641632416;Manipulation_FOV_RE_000;0;0;1;0;17.0
572;16;12;RE;False;10.986193209806455;5.0;False;45.1;0.011962411428146946;Manipulation_RE_003;0;1;1;0;17.0
573;16;13;FOV;True;22.574016879152456;1.0;True;30.3;0.011718717626429334;Manipulation_FOV_CH_000;0;0;1;1;17.0
574;16;14;AD;False;4.929737846176273;4.0;False;45.1;5.911980393230773;Manipulation_AD_006;1;1;0;1;17.0
575;16;15;RL;False;21.105370573042023;8.0;False;45.1;5.503688657356694;Manipulation_RL_003;0;0;1;1;17.0
576;16;16;RL;False;10.822765115074372;5.0;False;45.1;9.503607637090196;Manipulation_RL_006;1;1;1;1;17.0
579;16;19;FOV;True;20.73374580652257;1.0;True;30.2;5.708901171423869;Manipulation_FOV_CH_002;1;1;0;1;17.0
580;16;20;RL;False;11.245632937241108;5.0;True;19.8;1.7805713841187247;Manipulation_RL_001;0;1;0;0;17.0
581;16;21;AD;False;11.167013264751183;6.0;False;45.1;21.113017707843625;Manipulation_AD_000;0;0;0;0;17.0
582;16;22;RE;False;21.273155955566942;6.0;False;45.1;0.01116050152144636;Manipulation_RE_002;0;0;1;1;17.0
583;16;23;FOV;True;42.65044092842487;1.0;False;45.1;0.011162547667955887;Manipulation_FOV_AD_000;1;1;0;1;17.0
584;16;24;RE;False;12.992093271627136;4.0;True;22.7;0.011313634745377265;Manipulation_RE_001;0;1;0;0;17.0
585;16;25;RL;False;25.566958844807754;8.0;True;44.0;0.01201212913049427;Manipulation_RL_000;0;0;1;0;17.0
586;16;26;RE;False;9.844244604316524;5.0;True;13.0;0.01043165467625759;Manipulation_RE_005;1;0;1;1;17.0
587;16;27;AD;False;6.364866536122882;6.0;False;45.1;7.503215500360727;Manipulation_AD_005;1;1;0;0;17.0
588;16;28;CH;False;13.284476496834932;6.0;False;45.1;0.011912420877778378;Manipulation_CH_000;0;0;1;0;17.0
589;16;29;CH;False;11.16253684719961;5.0;True;27.9;0.011047560385428588;Manipulation_CH_005;1;1;1;1;17.0
590;16;30;AD;False;6.717531499539648;6.0;False;45.1;4.8770297856985465;Manipulation_AD_002;1;1;0;1;17.0
591;16;31;RE;False;10.84369942306579;7.0;False;45.1;4.335332927131223;Manipulation_RE_000;0;0;0;0;17.0
592;16;32;RL;False;9.553966656456577;5.0;True;26.4;7.9617030586793875;Manipulation_RL_002;1;1;0;1;17.0
593;16;33;AD;False;4.89483765537921;4.0;True;14.5;6.036098906986799;Manipulation_AD_004;1;0;1;0;17.0
594;16;34;AD;False;9.600484872656926;9.0;False;45.1;0.007451997037204933;Manipulation_AD_001;0;1;0;0;17.0
595;17;0;RE;False;12.231890515280082;9.0;False;45.1;5.791933780282871;Manipulation_RE_005;1;0;1;1;20.0
596;17;1;RL;False;18.19747119544662;2.0;False;45.1;0.011524312057788559;Manipulation_RL_004;0;0;1;1;20.0
598;17;3;RE;False;16.625382447949516;7.0;False;45.1;0.011683750707702957;Manipulation_RE_004;0;1;1;1;20.0
599;17;4;RE;False;13.82847734627834;10.0;False;45.1;0.012019798210554943;Manipulation_RE_001;0;1;0;0;20.0
600;17;5;FOV;True;32.683202296197194;1.0;False;45.1;2.1771679218043603;Manipulation_FOV_AD_000;1;1;0;1;20.0
602;17;7;FOV;True;23.300902501308546;1.0;True;29.2;0.010652370453791048;Manipulation_FOV_CH_002;1;1;0;1;20.0
603;17;8;RL;False;6.939395605057335;7.0;False;45.1;8.517735381301613;Manipulation_RL_002;1;1;0;1;20.0
604;17;9;FOV;True;34.770587815244475;1.0;False;45.1;4.948050930404378;Manipulation_FOV_RE_000;0;0;1;0;20.0
605;17;10;FOV;True;36.74779021803175;1.0;False;45.1;0.01127479866431763;Manipulation_FOV_RE_001;0;0;0;0;20.0
607;17;12;AD;False;20.47279436399501;8.0;False;45.1;0.011752224248975379;Manipulation_AD_000;0;0;0;0;20.0
608;17;13;AD;False;10.38130487449886;10.0;False;45.1;0.011858056398081592;Manipulation_AD_003;0;1;1;0;20.0
609;17;14;CH;False;6.5670350498095535;7.0;False;45.1;4.43913895399941;Manipulation_CH_004;1;1;0;0;20.0
610;17;15;CH;False;10.806944599992406;8.0;False;45.1;5.375902490013875;Manipulation_CH_005;1;1;1;1;20.0
613;17;18;CH;False;11.381699968986736;4.0;True;17.3;0.010347348367303695;Manipulation_CH_000;0;0;1;0;20.0
614;17;19;AD;False;6.585623040297258;6.0;True;13.4;3.835129485541733;Manipulation_AD_001;0;1;0;0;20.0
615;17;20;AD;False;11.601476347117718;8.0;True;31.9;1.2754503446115684;Manipulation_AD_006;1;1;0;1;20.0
617;17;22;RE;False;7.217703513281824;6.0;True;18.4;1.3062896315337933;Manipulation_RE_000;0;0;0;0;20.0
622;17;27;RE;False;9.307610549050464;11.0;False;45.1;3.249076389678312;Manipulation_RE_002;0;0;1;1;20.0
625;17;30;RL;False;13.297346950206391;7.0;False;45.1;0.011788428147450136;Manipulation_RL_001;0;1;0;0;20.0
626;17;31;AD;False;11.572436855477607;9.0;True;44.6;6.554020325810777;Manipulation_AD_002;1;1;0;1;20.0
627;17;32;RE;False;11.584686988009553;7.0;True;40.6;4.104613522284985;Manipulation_RE_003;0;1;1;0;20.0
628;17;33;FOV;True;8.723118738836709;1.0;True;14.7;3.877914110429388;Manipulation_FOV_CH_001;1;0;1;0;20.0
629;17;34;RL;False;24.94978349598381;10.0;False;45.1;0.007964862248515009;Manipulation_RL_003;0;0;1;1;20.0
630;18;0;FOV;True;14.765349498483396;1.0;True;44.2;3.5938711155164285;Manipulation_FOV_CH_002;1;1;0;1;16.0
631;18;1;RE;False;7.855575131259448;6.0;False;45.1;0.009990621192603431;Manipulation_RE_003;0;1;1;0;16.0
633;18;3;AD;False;24.94063561416916;5.0;False;45.1;0.010098830154007045;Manipulation_AD_004;1;0;1;0;16.0
634;18;4;FOV;True;9.961920060505433;1.0;True;21.8;11.847972575261824;Manipulation_FOV_AD_001;1;1;1;0;16.0
635;18;5;RE;False;7.323998060243766;4.0;False;45.1;0.006710892823133018;Manipulation_RE_005;1;0;1;1;16.0
636;18;6;RL;False;7.728280926365116;2.0;False;45.1;11.759601957193912;Manipulation_RL_004;0;0;1;1;16.0
637;18;7;CH;False;7.799390523682152;8.0;True;43.3;2.010762797704087;Manipulation_CH_003;0;1;1;1;16.0
638;18;8;RL;False;13.421620352103345;13.0;False;45.1;0.011863292185717649;Manipulation_RL_001;0;1;0;0;16.0
639;18;9;FOV;True;32.983149348860216;1.0;False;45.1;4.5872058850540185;Manipulation_FOV_AD_000;1;1;0;1;16.0
640;18;10;CH;False;18.702147757780658;8.0;False;45.1;0.011414934871242129;Manipulation_CH_002;0;0;1;0;16.0
641;18;11;FOV;True;12.091419526402426;1.0;True;12.1;0.00858047359757485;Manipulation_FOV_CH_001;1;0;1;0;16.0
643;18;13;AD;False;19.870731775465856;9.0;False;45.1;0.959386787620308;Manipulation_AD_000;0;0;0;0;16.0
644;18;14;CH;False;17.030405975296485;8.0;True;42.1;0.011047176353727449;Manipulation_CH_005;1;1;1;1;16.0
645;18;15;CH;False;6.735568545274045;7.0;True;28.3;10.19425802360206;Manipulation_CH_000;0;0;1;0;16.0
647;18;17;AD;False;8.60930758335158;4.0;True;12.7;0.009340270211390072;Manipulation_AD_006;1;1;0;1;16.0
648;18;18;RL;False;24.64452200892024;8.0;False;45.1;0.011660526145794959;Manipulation_RL_003;0;0;1;1;16.0
649;18;19;RE;False;4.721180837273661;5.0;False;45.1;0.011356069719963544;Manipulation_RE_004;0;1;1;1;16.0
650;18;20;RL;False;10.85431286820554;11.0;False;45.1;4.71431385626246;Manipulation_RL_002;1;1;0;1;16.0
651;18;21;RE;False;16.84777485515229;8.0;False;45.1;0.011221696939636329;Manipulation_RE_001;0;1;0;0;16.0
652;18;22;RL;False;13.584862669341334;2.0;True;24.1;3.7441934764842237;Manipulation_RL_005;0;1;1;1;16.0
654;18;24;AD;False;20.352676597879125;11.0;False;45.1;0.9918531864704362;Manipulation_AD_005;1;1;0;0;16.0
658;18;28;RE;False;16.246460601113792;12.0;False;45.1;0.011556310559850128;Manipulation_RE_002;0;0;1;1;16.0
659;18;29;RE;False;4.718452014728246;5.0;False;45.1;10.541703976449863;Manipulation_RE_000;0;0;0;0;16.0
660;18;30;FOV;True;7.980467316790629;1.0;True;9.7;1.7192204949953571;Manipulation_FOV_CH_000;0;0;1;1;16.0
662;18;32;RL;False;5.286482967642749;5.0;True;17.9;10.230263382566326;Manipulation_RL_006;1;1;1;1;16.0
663;18;33;CH;False;8.919472459270567;8.0;False;45.1;1.5207137315748025;Manipulation_CH_001;0;1;1;0;16.0
664;18;34;CH;False;8.008600486671526;12.0;False;45.1;0.0073892701753228065;Manipulation_CH_004;1;1;0;0;16.0
665;19;0;FOV;True;12.288777007051433;1.0;True;13.6;0.014550930513582059;Manipulation_FOV_CH_001;1;0;1;0;19.0
667;19;2;RL;False;6.722300132240761;7.0;False;45.0;1.932714305707489;Manipulation_RL_006;1;1;1;1;19.0
668;19;3;RE;False;12.906637907288346;10.0;False;45.1;0.01170712121423702;Manipulation_RE_002;0;0;1;1;19.0
669;19;4;RL;False;9.123597232829663;5.0;False;45.1;0.011068592723080384;Manipulation_RL_001;0;1;0;0;19.0
671;19;6;FOV;True;8.818061944994994;1.0;True;14.6;4.3391401727646075;Manipulation_FOV_CH_000;0;0;1;1;19.0
672;19;7;FOV;True;27.747741616801385;1.0;True;32.2;2.514241316102877;Manipulation_FOV_RE_000;0;0;1;0;19.0
673;19;8;CH;False;5.5599093463018745;4.0;False;45.1;3.1862901390495817;Manipulation_CH_001;0;1;1;0;19.0
674;19;9;RE;False;10.909644630349073;6.0;True;27.8;10.905379653068223;Manipulation_RE_001;0;1;0;0;19.0
675;19;10;RE;False;7.150965090992871;4.0;True;16.0;5.713358291103687;Manipulation_RE_005;1;0;1;1;19.0
676;19;11;CH;False;5.4743690484117975;4.0;True;18.7;5.064340414197249;Manipulation_CH_005;1;1;1;1;19.0
677;19;12;FOV;True;36.39850236977517;1.0;False;45.1;5.0765448659257775;Manipulation_FOV_AD_000;1;1;0;1;19.0
679;19;14;RL;False;17.441645432418134;2.0;False;45.1;11.148502510078364;Manipulation_RL_004;0;0;1;1;19.0
681;19;16;CH;False;5.502070187091749;4.0;False;45.1;0.011233809365677418;Manipulation_CH_006;1;1;0;0;19.0
682;19;17;RL;False;7.144519303731988;5.0;True;17.3;4.120828255420878;Manipulation_RL_002;1;1;0;1;19.0
683;19;18;RE;False;13.849842569859712;10.0;False;45.1;2.6236557527596536;Manipulation_RE_004;0;1;1;1;19.0
685;19;20;CH;False;10.185948477751737;6.0;False;45.1;14.589812646370035;Manipulation_CH_004;1;1;0;0;19.0
686;19;21;AD;False;14.570864548035452;7.0;False;45.1;7.890744573678923;Manipulation_AD_003;0;1;1;0;19.0
687;19;22;RE;False;15.123546395858321;6.0;False;45.1;4.029380724810782;Manipulation_RE_003;0;1;1;0;19.0
688;19;23;AD;False;7.733229072351582;5.0;True;14.3;4.119680632150807;Manipulation_AD_005;1;1;0;0;19.0
689;19;24;RE;False;14.320832779286794;6.0;False;45.1;0.011565640256083129;Manipulation_RE_000;0;0;0;0;19.0
690;19;25;AD;False;15.56214602762192;7.0;True;26.8;5.122170154193508;Manipulation_AD_001;0;1;0;0;19.0
691;19;26;CH;False;12.318271222515905;10.0;False;45.1;4.020097489595358;Manipulation_CH_003;0;1;1;1;19.0
692;19;27;FOV;True;22.947734506104965;1.0;True;27.3;3.230234072102353;Manipulation_FOV_RE_001;0;0;0;0;19.0
693;19;28;RL;False;16.932729557114364;6.0;False;45.1;0.011590409381235402;Manipulation_RL_003;0;0;1;1;19.0
696;19;31;FOV;True;16.449890085733117;1.0;True;34.7;0.011442075181377031;Manipulation_FOV_AD_001;1;1;1;0;19.0
697;19;32;AD;False;17.293209682489483;10.0;False;45.1;5.107062768521308;Manipulation_AD_006;1;1;0;1;19.0
698;19;33;RL;False;9.569059660953664;4.0;True;16.6;4.686386625456675;Manipulation_RL_000;0;0;1;0;19.0
700;20;0;FOV;True;32.30359686130289;1.0;False;45.1;4.884463274174267;Manipulation_FOV_AD_000;1;1;0;1;18.0
702;20;2;RE;False;7.72193801535605;4.0;False;45.1;17.276860904079513;Manipulation_RE_006;1;1;0;0;18.0
703;20;3;AD;False;9.958996460545483;4.0;False;45.1;9.6746085779721;Manipulation_AD_001;0;1;0;0;18.0
705;20;5;RL;False;9.673279916039323;2.0;True;28.0;6.755565422729937;Manipulation_RL_005;0;1;1;1;18.0
706;20;6;CH;False;11.772602828615721;5.0;False;45.1;3.5077028477063545;Manipulation_CH_004;1;1;0;0;18.0
707;20;7;AD;False;4.972887518272133;3.0;True;8.3;3.3356548879806662;Manipulation_AD_002;1;1;0;1;18.0
709;20;9;CH;False;11.391876697124614;4.0;False;45.1;0.0118980095236924;Manipulation_CH_001;0;1;1;0;18.0
710;20;10;FOV;True;14.68490252647488;1.0;True;35.1;12.631258105455856;Manipulation_FOV_CH_001;1;0;1;0;18.0
711;20;11;AD;False;6.282133274525077;5.0;False;45.1;7.415286507148879;Manipulation_AD_003;0;1;1;0;18.0
712;20;12;FOV;True;27.304909019023714;1.0;False;45.1;0.011196314787759806;Manipulation_FOV_RE_000;0;0;1;0;18.0
713;20;13;RL;False;8.096817795016964;3.0;True;17.9;9.813100868773589;Manipulation_RL_006;1;1;1;1;18.0
715;20;15;FOV;True;30.283030875691285;1.0;True;42.9;0.011524886752075915;Manipulation_FOV_CH_002;1;1;0;1;18.0
717;20;17;RE;False;10.486889448868833;4.0;False;45.1;3.0740370347606643;Manipulation_RE_001;0;1;0;0;18.0
719;20;19;CH;False;4.810156670746631;3.0;True;14.7;9.899919216646275;Manipulation_CH_005;1;1;1;1;18.0
720;20;20;RL;False;12.931800692573965;4.0;False;45.1;0.010648326279355427;Manipulation_RL_003;0;0;1;1;18.0
721;20;21;CH;False;7.877135641063702;4.0;True;18.5;7.398507969522713;Manipulation_CH_000;0;0;1;0;18.0
722;20;22;RE;False;8.943737214496098;5.0;False;45.1;5.067962577182271;Manipulation_RE_003;0;1;1;0;18.0
723;20;23;FOV;True;19.866755736602087;1.0;True;39.4;10.547208311533023;Manipulation_FOV_AD_001;1;1;1;0;18.0
724;20;24;RL;False;9.020669717022363;4.0;False;45.1;7.985538344455067;Manipulation_RL_002;1;1;0;1;18.0
725;20;25;RE;False;12.269299742189784;4.0;False;45.1;13.287110441310329;Manipulation_RE_005;1;0;1;1;18.0
726;20;26;AD;False;8.639113020681505;3.0;True;21.9;0.011163705214015805;Manipulation_AD_006;1;1;0;1;18.0
727;20;27;AD;False;12.483505976852033;4.0;False;45.1;2.5281315572097167;Manipulation_AD_000;0;0;0;0;18.0
730;20;30;RE;False;12.523888359735238;5.0;True;33.7;4.150837176659308;Manipulation_RE_000;0;0;0;0;18.0
731;20;31;FOV;True;31.125172360568108;1.0;False;45.1;5.921366707827282;Manipulation_FOV_RE_001;0;0;0;0;18.0
732;20;32;RE;False;7.503598673772974;5.0;False;45.1;6.322766266708497;Manipulation_RE_002;0;0;1;1;18.0
733;20;33;RE;False;8.390717653221444;4.0;False;45.1;17.169313776846536;Manipulation_RE_004;0;1;1;1;18.0
734;20;34;RL;False;27.159454031233363;2.0;False;45.1;0.007394351764626546;Manipulation_RL_004;0;0;1;1;18.0
736;21;1;RE;False;8.09876418273415;7.0;False;45.1;0.008114524522776629;Manipulation_RE_003;0;1;1;0;28.0
739;21;4;RL;False;8.159582458713711;5.0;True;11.6;0.010121140082448526;Manipulation_RL_002;1;1;0;1;28.0
740;21;5;FOV;True;33.855952721251676;1.0;False;45.1;4.854651557890316;Manipulation_FOV_CH_001;1;0;1;0;28.0
741;21;6;RL;False;9.908597875083453;8.0;False;45.1;7.422469695938647;Manipulation_RL_001;0;1;0;0;28.0
742;21;7;RL;False;7.499539598110378;3.0;True;14.3;6.800226243726442;Manipulation_RL_000;0;0;1;0;28.0
744;21;9;RL;False;5.507972943893258;4.0;True;24.3;0.011199667258734312;Manipulation_RL_006;1;1;1;1;28.0
746;21;11;AD;False;11.473513532341798;5.0;True;38.6;0.011596537671116406;Manipulation_AD_001;0;1;0;0;28.0
748;21;13;FOV;True;39.889360039445116;1.0;False;45.1;0.011328390283856037;Manipulation_FOV_RE_000;0;0;1;0;28.0
750;21;15;FOV;True;34.508147641447614;1.0;False;45.1;0.011833055342125054;Manipulation_FOV_CH_002;1;1;0;1;28.0
754;21;19;CH;False;12.021264197530895;4.0;True;31.6;0.010923456790131264;Manipulation_CH_004;1;1;0;0;28.0
755;21;20;FOV;True;36.27120191758927;1.0;True;39.6;0.2518890537610091;Manipulation_FOV_AD_000;1;1;0;1;28.0
757;21;22;AD;False;4.2344653179190725;3.0;True;8.5;4.2658959537572185;Manipulation_AD_006;1;1;0;1;28.0
758;21;23;RE;False;11.426799668593626;4.0;False;45.1;19.472819025740453;Manipulation_RE_005;1;0;1;1;28.0
759;21;24;CH;False;7.343602091765881;3.0;True;28.3;0.011287558720141123;Manipulation_CH_000;0;0;1;0;28.0
760;21;25;AD;False;10.688437522955967;6.0;True;38.3;8.259192368639235;Manipulation_AD_002;1;1;0;1;28.0
761;21;26;FOV;True;11.260611410931034;1.0;True;35.3;21.25471272791887;Manipulation_FOV_AD_001;1;1;1;0;28.0
762;21;27;CH;False;6.593336156248347;3.0;True;13.1;6.5063171545015965;Manipulation_CH_001;0;1;1;0;28.0
766;21;31;AD;False;4.32117517273398;3.0;True;13.4;9.078824827265844;Manipulation_AD_004;1;0;1;0;28.0
