n,design,family,method,alpha,effectX1,effectX2,effectX1X2,rateX1,rateX2,rateX1X2
20,4x3,norm,PAR,0.05,0.6,0,0,0.8732,0.0408,0.0548
20,4x3,norm,RNK,0.05,0.6,0,0,0.8536,0.0404,0.0506
20,4x3,norm,ATS,0.05,0.6,0,0,0.8386,0.0508,0.0426
20,4x3,norm,INT,0.05,0.6,0,0,0.8696,0.0418,0.0538
20,4x3,norm,PAR,0.01,0.6,0,0,0.7068,0.0052,0.0116
20,4x3,norm,RNK,0.01,0.6,0,0,0.6734,0.0058,0.011
20,4x3,norm,ATS,0.01,0.6,0,0,0.6476,0.011,0.0088
20,4x3,norm,INT,0.01,0.6,0,0,0.6986,0.0058,0.0104
20,4x3,norm,PAR,0.05,0.6,1,0,0.866,1,0.0486
20,4x3,norm,RNK,0.05,0.6,1,0,0.8422,1,0.049
20,4x3,norm,ATS,0.05,0.6,1,0,0.822,1,0.0368
20,4x3,norm,INT,0.05,0.6,1,0,0.861,1,0.0472
20,4x3,norm,PAR,0.01,0.6,1,0,0.6948,1,0.0084
20,4x3,norm,RNK,0.01,0.6,1,0,0.662,0.9996,0.0104
20,4x3,norm,ATS,0.01,0.6,1,0,0.634,0.9994,0.005
20,4x3,norm,INT,0.01,0.6,1,0,0.692,1,0.0086
20,4x3,norm,PAR,0.05,0.6,2,0,0.8766,1,0.0532
20,4x3,norm,RNK,0.05,0.6,2,0,0.8502,1,0.0612
20,4x3,norm,ATS,0.05,0.6,2,0,0.8326,1,0.048
20,4x3,norm,INT,0.05,0.6,2,0,0.8702,1,0.0522
20,4x3,norm,PAR,0.01,0.6,2,0,0.707,1,0.0122
20,4x3,norm,RNK,0.01,0.6,2,0,0.6592,1,0.0136
20,4x3,norm,ATS,0.01,0.6,2,0,0.6398,1,0.0102
20,4x3,norm,INT,0.01,0.6,2,0,0.6992,1,0.0124
20,4x3,norm,PAR,0.05,0.6,4,0,0.8708,1,0.0478
20,4x3,norm,RNK,0.05,0.6,4,0,0.8342,1,0.0686
20,4x3,norm,ATS,0.05,0.6,4,0,0.8224,1,0.0572
20,4x3,norm,INT,0.05,0.6,4,0,0.848,1,0.055
20,4x3,norm,PAR,0.01,0.6,4,0,0.7006,1,0.0106
20,4x3,norm,RNK,0.01,0.6,4,0,0.6504,1,0.0178
20,4x3,norm,ATS,0.01,0.6,4,0,0.62,1,0.0108
20,4x3,norm,INT,0.01,0.6,4,0,0.6624,1,0.0118
20,4x3,norm,PAR,0.05,0.6,8,0,0.8664,1,0.0474
20,4x3,norm,RNK,0.05,0.6,8,0,0.8354,1,0.0648
20,4x3,norm,ATS,0.05,0.6,8,0,0.8166,1,0.052
20,4x3,norm,INT,0.05,0.6,8,0,0.823,1,0.0632
20,4x3,norm,PAR,0.01,0.6,8,0,0.6944,1,0.0118
20,4x3,norm,RNK,0.01,0.6,8,0,0.645,1,0.0144
20,4x3,norm,ATS,0.01,0.6,8,0,0.6176,1,0.0086
20,4x3,norm,INT,0.01,0.6,8,0,0.6218,1,0.0162
20,4x3,norm,PAR,0.05,0,0.6,0,0.0482,0.9544,0.0512
20,4x3,norm,RNK,0.05,0,0.6,0,0.0506,0.9442,0.0534
20,4x3,norm,ATS,0.05,0,0.6,0,0.05,0.9342,0.0428
20,4x3,norm,INT,0.05,0,0.6,0,0.049,0.9538,0.0528
20,4x3,norm,PAR,0.01,0,0.6,0,0.0098,0.854,0.0108
20,4x3,norm,RNK,0.01,0,0.6,0,0.0098,0.8276,0.0114
20,4x3,norm,ATS,0.01,0,0.6,0,0.0088,0.8168,0.0078
20,4x3,norm,INT,0.01,0,0.6,0,0.0088,0.8508,0.0108
20,4x3,norm,PAR,0.05,1,0.6,0,0.9996,0.9514,0.0416
20,4x3,norm,RNK,0.05,1,0.6,0,0.9992,0.9384,0.0454
20,4x3,norm,ATS,0.05,1,0.6,0,0.9988,0.9306,0.0338
20,4x3,norm,INT,0.05,1,0.6,0,0.9996,0.949,0.0428
20,4x3,norm,PAR,0.01,1,0.6,0,0.9968,0.8484,0.008
20,4x3,norm,RNK,0.01,1,0.6,0,0.9962,0.8222,0.0076
20,4x3,norm,ATS,0.01,1,0.6,0,0.9924,0.8034,0.0052
20,4x3,norm,INT,0.01,1,0.6,0,0.9972,0.8464,0.0082
20,4x3,norm,PAR,0.05,2,0.6,0,1,0.9458,0.0496
20,4x3,norm,RNK,0.05,2,0.6,0,1,0.929,0.0572
20,4x3,norm,ATS,0.05,2,0.6,0,1,0.922,0.0466
20,4x3,norm,INT,0.05,2,0.6,0,1,0.941,0.0478
20,4x3,norm,PAR,0.01,2,0.6,0,1,0.8446,0.0108
20,4x3,norm,RNK,0.01,2,0.6,0,1,0.8116,0.0098
20,4x3,norm,ATS,0.01,2,0.6,0,1,0.7982,0.0056
20,4x3,norm,INT,0.01,2,0.6,0,1,0.837,0.0096
20,4x3,norm,PAR,0.05,4,0.6,0,1,0.9528,0.0488
20,4x3,norm,RNK,0.05,4,0.6,0,1,0.936,0.0662
20,4x3,norm,ATS,0.05,4,0.6,0,1,0.929,0.052
20,4x3,norm,INT,0.05,4,0.6,0,1,0.9414,0.0526
20,4x3,norm,PAR,0.01,4,0.6,0,1,0.8522,0.0092
20,4x3,norm,RNK,0.01,4,0.6,0,1,0.812,0.0152
20,4x3,norm,ATS,0.01,4,0.6,0,1,0.7996,0.0084
20,4x3,norm,INT,0.01,4,0.6,0,1,0.8314,0.0094
20,4x3,norm,PAR,0.05,8,0.6,0,1,0.952,0.0522
20,4x3,norm,RNK,0.05,8,0.6,0,1,0.9288,0.082
20,4x3,norm,ATS,0.05,8,0.6,0,1,0.9218,0.066
20,4x3,norm,INT,0.05,8,0.6,0,1,0.9218,0.0762
20,4x3,norm,PAR,0.01,8,0.6,0,1,0.8588,0.0086
20,4x3,norm,RNK,0.01,8,0.6,0,1,0.8042,0.0196
20,4x3,norm,ATS,0.01,8,0.6,0,1,0.79,0.0132
20,4x3,norm,INT,0.01,8,0.6,0,1,0.7966,0.019
20,4x3,norm,PAR,0.05,0,0,1.5,0.0556,0.0492,0.8382
20,4x3,norm,RNK,0.05,0,0,1.5,0.053,0.0504,0.8178
20,4x3,norm,ATS,0.05,0,0,1.5,0.055,0.0594,0.7798
20,4x3,norm,INT,0.05,0,0,1.5,0.055,0.051,0.8364
20,4x3,norm,PAR,0.01,0,0,1.5,0.0098,0.0114,0.6522
20,4x3,norm,RNK,0.01,0,0,1.5,0.0118,0.012,0.6206
20,4x3,norm,ATS,0.01,0,0,1.5,0.012,0.0148,0.5558
20,4x3,norm,INT,0.01,0,0,1.5,0.0092,0.0124,0.6476
20,4x3,norm,PAR,0.05,0,1,1.5,0.0516,1,0.8386
20,4x3,norm,RNK,0.05,0,1,1.5,0.0478,1,0.7966
20,4x3,norm,ATS,0.05,0,1,1.5,0.0496,1,0.7538
20,4x3,norm,INT,0.05,0,1,1.5,0.0514,1,0.8336
20,4x3,norm,PAR,0.01,0,1,1.5,0.0116,0.9998,0.645
20,4x3,norm,RNK,0.01,0,1,1.5,0.0106,0.9996,0.5754
20,4x3,norm,ATS,0.01,0,1,1.5,0.0122,0.9996,0.503
20,4x3,norm,INT,0.01,0,1,1.5,0.011,0.9998,0.6372
20,4x3,norm,PAR,0.05,0,2,1.5,0.0476,1,0.8342
20,4x3,norm,RNK,0.05,0,2,1.5,0.0532,1,0.7452
20,4x3,norm,ATS,0.05,0,2,1.5,0.054,1,0.6938
20,4x3,norm,INT,0.05,0,2,1.5,0.0452,1,0.8202
20,4x3,norm,PAR,0.01,0,2,1.5,0.0094,1,0.6436
20,4x3,norm,RNK,0.01,0,2,1.5,0.0086,1,0.513
20,4x3,norm,ATS,0.01,0,2,1.5,0.012,1,0.4298
20,4x3,norm,INT,0.01,0,2,1.5,0.0082,1,0.6168
20,4x3,norm,PAR,0.05,0,4,1.5,0.0534,1,0.8322
20,4x3,norm,RNK,0.05,0,4,1.5,0.089,1,0.6602
20,4x3,norm,ATS,0.05,0,4,1.5,0.0896,1,0.605
20,4x3,norm,INT,0.05,0,4,1.5,0.0574,1,0.802
20,4x3,norm,PAR,0.01,0,4,1.5,0.009,1,0.6464
20,4x3,norm,RNK,0.01,0,4,1.5,0.0256,1,0.4018
20,4x3,norm,ATS,0.01,0,4,1.5,0.0256,1,0.3192
20,4x3,norm,INT,0.01,0,4,1.5,0.012,1,0.5866
20,4x3,norm,PAR,0.05,0,8,1.5,0.0536,1,0.8404
20,4x3,norm,RNK,0.05,0,8,1.5,0.083,1,0.71
20,4x3,norm,ATS,0.05,0,8,1.5,0.085,1,0.6534
20,4x3,norm,INT,0.05,0,8,1.5,0.0542,1,0.8178
20,4x3,norm,PAR,0.01,0,8,1.5,0.01,1,0.6524
20,4x3,norm,RNK,0.01,0,8,1.5,0.0202,1,0.4554
20,4x3,norm,ATS,0.01,0,8,1.5,0.0198,1,0.378
20,4x3,norm,INT,0.01,0,8,1.5,0.0122,1,0.6248
20,4x3,norm,PAR,0.05,0,0,1.5,0.0474,0.0512,0.8376
20,4x3,norm,RNK,0.05,0,0,1.5,0.046,0.0522,0.8146
20,4x3,norm,ATS,0.05,0,0,1.5,0.0526,0.0596,0.7824
20,4x3,norm,INT,0.05,0,0,1.5,0.0494,0.0494,0.8362
20,4x3,norm,PAR,0.01,0,0,1.5,0.01,0.0112,0.6552
20,4x3,norm,RNK,0.01,0,0,1.5,0.0096,0.01,0.6216
20,4x3,norm,ATS,0.01,0,0,1.5,0.0108,0.0126,0.5492
20,4x3,norm,INT,0.01,0,0,1.5,0.0108,0.0108,0.6494
20,4x3,norm,PAR,0.05,1,0,1.5,0.9992,0.0564,0.8318
20,4x3,norm,RNK,0.05,1,0,1.5,0.999,0.0574,0.7886
20,4x3,norm,ATS,0.05,1,0,1.5,0.9984,0.0638,0.752
20,4x3,norm,INT,0.05,1,0,1.5,0.9992,0.0548,0.8286
20,4x3,norm,PAR,0.01,1,0,1.5,0.997,0.0114,0.648
20,4x3,norm,RNK,0.01,1,0,1.5,0.9948,0.0122,0.5832
20,4x3,norm,ATS,0.01,1,0,1.5,0.9908,0.0156,0.5074
20,4x3,norm,INT,0.01,1,0,1.5,0.997,0.0126,0.6406
20,4x3,norm,PAR,0.05,2,0,1.5,1,0.0454,0.835
20,4x3,norm,RNK,0.05,2,0,1.5,1,0.0542,0.7274
20,4x3,norm,ATS,0.05,2,0,1.5,1,0.0616,0.6792
20,4x3,norm,INT,0.05,2,0,1.5,1,0.0444,0.819
20,4x3,norm,PAR,0.01,2,0,1.5,1,0.0114,0.6438
20,4x3,norm,RNK,0.01,2,0,1.5,1,0.012,0.4884
20,4x3,norm,ATS,0.01,2,0,1.5,1,0.0162,0.4208
20,4x3,norm,INT,0.01,2,0,1.5,1,0.0098,0.614
20,4x3,norm,PAR,0.05,4,0,1.5,1,0.0536,0.8344
20,4x3,norm,RNK,0.05,4,0,1.5,1,0.0836,0.6158
20,4x3,norm,ATS,0.05,4,0,1.5,1,0.0946,0.556
20,4x3,norm,INT,0.05,4,0,1.5,1,0.057,0.8002
20,4x3,norm,PAR,0.01,4,0,1.5,1,0.0124,0.6532
20,4x3,norm,RNK,0.01,4,0,1.5,1,0.0218,0.3834
20,4x3,norm,ATS,0.01,4,0,1.5,1,0.0314,0.3138
20,4x3,norm,INT,0.01,4,0,1.5,1,0.0128,0.5922
20,4x3,norm,PAR,0.05,8,0,1.5,1,0.0486,0.8422
20,4x3,norm,RNK,0.05,8,0,1.5,1,0.0978,0.6084
20,4x3,norm,ATS,0.05,8,0,1.5,1,0.1088,0.5508
20,4x3,norm,INT,0.05,8,0,1.5,1,0.0566,0.821
20,4x3,norm,PAR,0.01,8,0,1.5,1,0.0106,0.6548
20,4x3,norm,RNK,0.01,8,0,1.5,1,0.0262,0.383
20,4x3,norm,ATS,0.01,8,0,1.5,1,0.0312,0.3106
20,4x3,norm,INT,0.01,8,0,1.5,1,0.0118,0.63
20,4x3,lnorm,PAR,0.05,0.6,0,0,0.6194,0.0382,0.043
20,4x3,lnorm,RNK,0.05,0.6,0,0,0.851,0.0488,0.0514
20,4x3,lnorm,ATS,0.05,0.6,0,0,0.8356,0.0556,0.0432
20,4x3,lnorm,INT,0.05,0.6,0,0,0.8678,0.049,0.0538
20,4x3,lnorm,PAR,0.01,0.6,0,0,0.3688,0.0072,0.0104
20,4x3,lnorm,RNK,0.01,0.6,0,0,0.6758,0.0102,0.0118
20,4x3,lnorm,ATS,0.01,0.6,0,0,0.647,0.0132,0.0068
20,4x3,lnorm,INT,0.01,0.6,0,0,0.7,0.0088,0.0104
20,4x3,lnorm,PAR,0.05,0.6,1,0,0.534,0.985,0.0916
20,4x3,lnorm,RNK,0.05,0.6,1,0,0.8478,1,0.0524
20,4x3,lnorm,ATS,0.05,0.6,1,0,0.8302,1,0.042
20,4x3,lnorm,INT,0.05,0.6,1,0,0.8654,1,0.0508
20,4x3,lnorm,PAR,0.01,0.6,1,0,0.2984,0.9316,0.0264
20,4x3,lnorm,RNK,0.01,0.6,1,0,0.6734,0.9996,0.0088
20,4x3,lnorm,ATS,0.01,0.6,1,0,0.6398,0.9988,0.0056
20,4x3,lnorm,INT,0.01,0.6,1,0,0.6954,1,0.008
20,4x3,lnorm,PAR,0.05,0.6,2,0,0.429,0.9992,0.1688
20,4x3,lnorm,RNK,0.05,0.6,2,0,0.845,1,0.0576
20,4x3,lnorm,ATS,0.05,0.6,2,0,0.8248,1,0.0466
20,4x3,lnorm,INT,0.05,0.6,2,0,0.8604,1,0.0524
20,4x3,lnorm,PAR,0.01,0.6,2,0,0.1978,0.9966,0.0684
20,4x3,lnorm,RNK,0.01,0.6,2,0,0.6626,1,0.0132
20,4x3,lnorm,ATS,0.01,0.6,2,0,0.6326,1,0.0082
20,4x3,lnorm,INT,0.01,0.6,2,0,0.6908,1,0.0108
20,4x3,lnorm,PAR,0.05,0.6,4,0,0.2962,1,0.2352
20,4x3,lnorm,RNK,0.05,0.6,4,0,0.836,1,0.0662
20,4x3,lnorm,ATS,0.05,0.6,4,0,0.8244,1,0.0536
20,4x3,lnorm,INT,0.05,0.6,4,0,0.846,1,0.053
20,4x3,lnorm,PAR,0.01,0.6,4,0,0.1172,0.9998,0.1096
20,4x3,lnorm,RNK,0.01,0.6,4,0,0.6342,1,0.0154
20,4x3,lnorm,ATS,0.01,0.6,4,0,0.6006,1,0.0112
20,4x3,lnorm,INT,0.01,0.6,4,0,0.658,1,0.0112
20,4x3,lnorm,PAR,0.05,0.6,8,0,0.2436,0.9998,0.2792
20,4x3,lnorm,RNK,0.05,0.6,8,0,0.8294,1,0.0688
20,4x3,lnorm,ATS,0.05,0.6,8,0,0.8158,1,0.0558
20,4x3,lnorm,INT,0.05,0.6,8,0,0.8158,1,0.0686
20,4x3,lnorm,PAR,0.01,0.6,8,0,0.0932,0.9994,0.1364
20,4x3,lnorm,RNK,0.01,0.6,8,0,0.6436,1,0.0152
20,4x3,lnorm,ATS,0.01,0.6,8,0,0.614,1,0.0082
20,4x3,lnorm,INT,0.01,0.6,8,0,0.6208,1,0.0164
20,4x3,lnorm,PAR,0.05,0,0.6,0,0.0396,0.7622,0.0488
20,4x3,lnorm,RNK,0.05,0,0.6,0,0.0492,0.939,0.0514
20,4x3,lnorm,ATS,0.05,0,0.6,0,0.0506,0.9318,0.0442
20,4x3,lnorm,INT,0.05,0,0.6,0,0.048,0.9488,0.0518
20,4x3,lnorm,PAR,0.01,0,0.6,0,0.0062,0.5186,0.0126
20,4x3,lnorm,RNK,0.01,0,0.6,0,0.008,0.8274,0.0104
20,4x3,lnorm,ATS,0.01,0,0.6,0,0.011,0.804,0.0078
20,4x3,lnorm,INT,0.01,0,0.6,0,0.0078,0.8486,0.01
20,4x3,lnorm,PAR,0.05,1,0.6,0,0.9484,0.7128,0.0964
20,4x3,lnorm,RNK,0.05,1,0.6,0,0.9996,0.9398,0.046
20,4x3,lnorm,ATS,0.05,1,0.6,0,0.9986,0.9304,0.0382
20,4x3,lnorm,INT,0.05,1,0.6,0,0.9992,0.9518,0.0458
20,4x3,lnorm,PAR,0.01,1,0.6,0,0.8406,0.4536,0.0296
20,4x3,lnorm,RNK,0.01,1,0.6,0,0.9954,0.8258,0.009
20,4x3,lnorm,ATS,0.01,1,0.6,0,0.9936,0.8092,0.007
20,4x3,lnorm,INT,0.01,1,0.6,0,0.9968,0.8508,0.0104
20,4x3,lnorm,PAR,0.05,2,0.6,0,0.999,0.5994,0.1938
20,4x3,lnorm,RNK,0.05,2,0.6,0,1,0.9334,0.0556
20,4x3,lnorm,ATS,0.05,2,0.6,0,1,0.9256,0.0436
20,4x3,lnorm,INT,0.05,2,0.6,0,1,0.9452,0.0474
20,4x3,lnorm,PAR,0.01,2,0.6,0,0.9944,0.331,0.0872
20,4x3,lnorm,RNK,0.01,2,0.6,0,1,0.821,0.0124
20,4x3,lnorm,ATS,0.01,2,0.6,0,1,0.8068,0.0078
20,4x3,lnorm,INT,0.01,2,0.6,0,1,0.8446,0.0088
20,4x3,lnorm,PAR,0.05,4,0.6,0,0.9998,0.4274,0.2986
20,4x3,lnorm,RNK,0.05,4,0.6,0,1,0.935,0.0724
20,4x3,lnorm,ATS,0.05,4,0.6,0,1,0.928,0.0562
20,4x3,lnorm,INT,0.05,4,0.6,0,1,0.9466,0.0552
20,4x3,lnorm,PAR,0.01,4,0.6,0,0.999,0.1976,0.1668
20,4x3,lnorm,RNK,0.01,4,0.6,0,1,0.8096,0.0178
20,4x3,lnorm,ATS,0.01,4,0.6,0,1,0.7914,0.0126
20,4x3,lnorm,INT,0.01,4,0.6,0,1,0.8344,0.0104
20,4x3,lnorm,PAR,0.05,8,0.6,0,0.9998,0.3138,0.3444
20,4x3,lnorm,RNK,0.05,8,0.6,0,1,0.9222,0.0854
20,4x3,lnorm,ATS,0.05,8,0.6,0,1,0.9162,0.0632
20,4x3,lnorm,INT,0.05,8,0.6,0,1,0.9234,0.079
20,4x3,lnorm,PAR,0.01,8,0.6,0,0.9984,0.1272,0.1982
20,4x3,lnorm,RNK,0.01,8,0.6,0,1,0.7996,0.0214
20,4x3,lnorm,ATS,0.01,8,0.6,0,1,0.7878,0.0148
20,4x3,lnorm,INT,0.01,8,0.6,0,1,0.7888,0.0184
20,4x3,lnorm,PAR,0.05,0,0,1.5,0.0514,0.0482,0.5612
20,4x3,lnorm,RNK,0.05,0,0,1.5,0.0616,0.0484,0.8252
20,4x3,lnorm,ATS,0.05,0,0,1.5,0.0658,0.0564,0.7902
20,4x3,lnorm,INT,0.05,0,0,1.5,0.0632,0.0456,0.8494
20,4x3,lnorm,PAR,0.01,0,0,1.5,0.0106,0.0078,0.3086
20,4x3,lnorm,RNK,0.01,0,0,1.5,0.0118,0.0092,0.6276
20,4x3,lnorm,ATS,0.01,0,0,1.5,0.0144,0.0144,0.5588
20,4x3,lnorm,INT,0.01,0,0,1.5,0.013,0.0084,0.6634
20,4x3,lnorm,PAR,0.05,0,1,1.5,0.1128,0.9822,0.4862
20,4x3,lnorm,RNK,0.05,0,1,1.5,0.0502,1,0.7964
20,4x3,lnorm,ATS,0.05,0,1,1.5,0.051,0.9998,0.761
20,4x3,lnorm,INT,0.05,0,1,1.5,0.0476,0.9998,0.8284
20,4x3,lnorm,PAR,0.01,0,1,1.5,0.0292,0.9344,0.2878
20,4x3,lnorm,RNK,0.01,0,1,1.5,0.0092,0.9992,0.5856
20,4x3,lnorm,ATS,0.01,0,1,1.5,0.0112,0.999,0.5112
20,4x3,lnorm,INT,0.01,0,1,1.5,0.0092,0.9998,0.6358
20,4x3,lnorm,PAR,0.05,0,2,1.5,0.2258,0.9992,0.4358
20,4x3,lnorm,RNK,0.05,0,2,1.5,0.0544,1,0.743
20,4x3,lnorm,ATS,0.05,0,2,1.5,0.0552,1,0.686
20,4x3,lnorm,INT,0.05,0,2,1.5,0.0506,1,0.8184
20,4x3,lnorm,PAR,0.01,0,2,1.5,0.0804,0.9968,0.267
20,4x3,lnorm,RNK,0.01,0,2,1.5,0.0122,1,0.5018
20,4x3,lnorm,ATS,0.01,0,2,1.5,0.0132,1,0.424
20,4x3,lnorm,INT,0.01,0,2,1.5,0.01,1,0.6068
20,4x3,lnorm,PAR,0.05,0,4,1.5,0.3332,1,0.412
20,4x3,lnorm,RNK,0.05,0,4,1.5,0.0846,1,0.6638
20,4x3,lnorm,ATS,0.05,0,4,1.5,0.0838,1,0.6092
20,4x3,lnorm,INT,0.05,0,4,1.5,0.0496,1,0.798
20,4x3,lnorm,PAR,0.01,0,4,1.5,0.144,0.9996,0.2528
20,4x3,lnorm,RNK,0.01,0,4,1.5,0.0206,1,0.411
20,4x3,lnorm,ATS,0.01,0,4,1.5,0.0242,1,0.325
20,4x3,lnorm,INT,0.01,0,4,1.5,0.0102,1,0.5932
20,4x3,lnorm,PAR,0.05,0,8,1.5,0.3412,1,0.4144
20,4x3,lnorm,RNK,0.05,0,8,1.5,0.0822,1,0.696
20,4x3,lnorm,ATS,0.05,0,8,1.5,0.0804,1,0.638
20,4x3,lnorm,INT,0.05,0,8,1.5,0.0486,1,0.804
20,4x3,lnorm,PAR,0.01,0,8,1.5,0.139,0.9992,0.2526
20,4x3,lnorm,RNK,0.01,0,8,1.5,0.018,1,0.44
20,4x3,lnorm,ATS,0.01,0,8,1.5,0.0208,1,0.365
20,4x3,lnorm,INT,0.01,0,8,1.5,0.0088,1,0.6106
20,4x3,lnorm,PAR,0.05,0,0,1.5,0.043,0.0476,0.5508
20,4x3,lnorm,RNK,0.05,0,0,1.5,0.0466,0.049,0.8206
20,4x3,lnorm,ATS,0.05,0,0,1.5,0.0496,0.0582,0.7878
20,4x3,lnorm,INT,0.05,0,0,1.5,0.0474,0.0484,0.8406
20,4x3,lnorm,PAR,0.01,0,0,1.5,0.0086,0.0082,0.3052
20,4x3,lnorm,RNK,0.01,0,0,1.5,0.009,0.0112,0.6206
20,4x3,lnorm,ATS,0.01,0,0,1.5,0.0106,0.0152,0.5446
20,4x3,lnorm,INT,0.01,0,0,1.5,0.0088,0.0092,0.6442
20,4x3,lnorm,PAR,0.05,1,0,1.5,0.9502,0.1218,0.5104
20,4x3,lnorm,RNK,0.05,1,0,1.5,0.9992,0.0506,0.7874
20,4x3,lnorm,ATS,0.05,1,0,1.5,0.9986,0.056,0.7484
20,4x3,lnorm,INT,0.05,1,0,1.5,0.9992,0.0496,0.823
20,4x3,lnorm,PAR,0.01,1,0,1.5,0.8464,0.0338,0.2962
20,4x3,lnorm,RNK,0.01,1,0,1.5,0.9936,0.0108,0.583
20,4x3,lnorm,ATS,0.01,1,0,1.5,0.9906,0.0134,0.5134
20,4x3,lnorm,INT,0.01,1,0,1.5,0.996,0.011,0.635
20,4x3,lnorm,PAR,0.05,2,0,1.5,0.998,0.2416,0.4794
20,4x3,lnorm,RNK,0.05,2,0,1.5,1,0.0532,0.72
20,4x3,lnorm,ATS,0.05,2,0,1.5,1,0.0594,0.6714
20,4x3,lnorm,INT,0.05,2,0,1.5,1,0.0464,0.811
20,4x3,lnorm,PAR,0.01,2,0,1.5,0.9932,0.0884,0.2962
20,4x3,lnorm,RNK,0.01,2,0,1.5,1,0.0122,0.4844
20,4x3,lnorm,ATS,0.01,2,0,1.5,1,0.0158,0.4028
20,4x3,lnorm,INT,0.01,2,0,1.5,1,0.0106,0.614
20,4x3,lnorm,PAR,0.05,4,0,1.5,1,0.408,0.469
20,4x3,lnorm,RNK,0.05,4,0,1.5,1,0.0782,0.608
20,4x3,lnorm,ATS,0.05,4,0,1.5,1,0.0884,0.5454
20,4x3,lnorm,INT,0.05,4,0,1.5,1,0.0502,0.7954
20,4x3,lnorm,PAR,0.01,4,0,1.5,0.9994,0.1762,0.3178
20,4x3,lnorm,RNK,0.01,4,0,1.5,1,0.0212,0.377
20,4x3,lnorm,ATS,0.01,4,0,1.5,1,0.0274,0.3048
20,4x3,lnorm,INT,0.01,4,0,1.5,1,0.0106,0.5868
20,4x3,lnorm,PAR,0.05,8,0,1.5,0.9998,0.411,0.4924
20,4x3,lnorm,RNK,0.05,8,0,1.5,1,0.0974,0.5996
20,4x3,lnorm,ATS,0.05,8,0,1.5,1,0.1034,0.5458
20,4x3,lnorm,INT,0.05,8,0,1.5,1,0.0572,0.814
20,4x3,lnorm,PAR,0.01,8,0,1.5,0.9992,0.1838,0.3358
20,4x3,lnorm,RNK,0.01,8,0,1.5,1,0.0276,0.394
20,4x3,lnorm,ATS,0.01,8,0,1.5,1,0.0348,0.3112
20,4x3,lnorm,INT,0.01,8,0,1.5,1,0.0102,0.6264
20,4x3,exp,PAR,0.05,0.6,0,0,0.8016,0.0536,0.0488
20,4x3,exp,RNK,0.05,0.6,0,0,0.7322,0.0556,0.0468
20,4x3,exp,ATS,0.05,0.6,0,0,0.7162,0.0624,0.0394
20,4x3,exp,INT,0.05,0.6,0,0,0.7568,0.0556,0.0492
20,4x3,exp,PAR,0.01,0.6,0,0,0.59,0.0106,0.0122
20,4x3,exp,RNK,0.01,0.6,0,0,0.517,0.0126,0.0088
20,4x3,exp,ATS,0.01,0.6,0,0,0.4912,0.0164,0.0066
20,4x3,exp,INT,0.01,0.6,0,0,0.5428,0.0132,0.0094
20,4x3,exp,PAR,0.05,0.6,1,0,0.744,0.9998,0.121
20,4x3,exp,RNK,0.05,0.6,1,0,0.7246,0.9988,0.0514
20,4x3,exp,ATS,0.05,0.6,1,0,0.702,0.9984,0.0394
20,4x3,exp,INT,0.05,0.6,1,0,0.7446,0.999,0.0526
20,4x3,exp,PAR,0.01,0.6,1,0,0.5002,0.9968,0.041
20,4x3,exp,RNK,0.01,0.6,1,0,0.4936,0.9938,0.012
20,4x3,exp,ATS,0.01,0.6,1,0,0.468,0.9922,0.0082
20,4x3,exp,INT,0.01,0.6,1,0,0.5176,0.9954,0.0124
20,4x3,exp,PAR,0.05,0.6,2,0,0.592,1,0.233
20,4x3,exp,RNK,0.05,0.6,2,0,0.6924,1,0.0572
20,4x3,exp,ATS,0.05,0.6,2,0,0.6752,1,0.0466
20,4x3,exp,INT,0.05,0.6,2,0,0.7142,1,0.0548
20,4x3,exp,PAR,0.01,0.6,2,0,0.3306,1,0.1062
20,4x3,exp,RNK,0.01,0.6,2,0,0.4622,1,0.0128
20,4x3,exp,ATS,0.01,0.6,2,0,0.4356,1,0.0092
20,4x3,exp,INT,0.01,0.6,2,0,0.4832,1,0.0132
20,4x3,exp,PAR,0.05,0.6,4,0,0.4292,1,0.333
20,4x3,exp,RNK,0.05,0.6,4,0,0.6812,1,0.0622
20,4x3,exp,ATS,0.05,0.6,4,0,0.6614,1,0.0476
20,4x3,exp,INT,0.05,0.6,4,0,0.709,1,0.0512
20,4x3,exp,PAR,0.01,0.6,4,0,0.2068,1,0.1718
20,4x3,exp,RNK,0.01,0.6,4,0,0.4564,1,0.0142
20,4x3,exp,ATS,0.01,0.6,4,0,0.4366,1,0.0086
20,4x3,exp,INT,0.01,0.6,4,0,0.4716,1,0.0098
20,4x3,exp,PAR,0.05,0.6,8,0,0.3546,1,0.3714
20,4x3,exp,RNK,0.05,0.6,8,0,0.691,1,0.0606
20,4x3,exp,ATS,0.05,0.6,8,0,0.6778,1,0.044
20,4x3,exp,INT,0.05,0.6,8,0,0.6908,1,0.0628
20,4x3,exp,PAR,0.01,0.6,8,0,0.1612,1,0.211
20,4x3,exp,RNK,0.01,0.6,8,0,0.4658,1,0.012
20,4x3,exp,ATS,0.01,0.6,8,0,0.4396,1,0.0072
20,4x3,exp,INT,0.01,0.6,8,0,0.4622,1,0.0146
20,4x3,exp,PAR,0.05,0,0.6,0,0.0464,0.9206,0.057
20,4x3,exp,RNK,0.05,0,0.6,0,0.0476,0.8706,0.0534
20,4x3,exp,ATS,0.05,0,0.6,0,0.0494,0.8586,0.045
20,4x3,exp,INT,0.05,0,0.6,0,0.0454,0.8856,0.0516
20,4x3,exp,PAR,0.01,0,0.6,0,0.0094,0.777,0.0122
20,4x3,exp,RNK,0.01,0,0.6,0,0.01,0.6992,0.0114
20,4x3,exp,ATS,0.01,0,0.6,0,0.0118,0.677,0.007
20,4x3,exp,INT,0.01,0,0.6,0,0.0088,0.7234,0.0122
20,4x3,exp,PAR,0.05,1,0.6,0,0.9948,0.8672,0.1242
20,4x3,exp,RNK,0.05,1,0.6,0,0.9896,0.8548,0.0468
20,4x3,exp,ATS,0.05,1,0.6,0,0.9884,0.846,0.0402
20,4x3,exp,INT,0.05,1,0.6,0,0.9922,0.8756,0.0512
20,4x3,exp,PAR,0.01,1,0.6,0,0.9696,0.6884,0.0436
20,4x3,exp,RNK,0.01,1,0.6,0,0.9648,0.6772,0.01
20,4x3,exp,ATS,0.01,1,0.6,0,0.9532,0.666,0.0068
20,4x3,exp,INT,0.01,1,0.6,0,0.9708,0.6958,0.011
20,4x3,exp,PAR,0.05,2,0.6,0,1,0.753,0.2478
20,4x3,exp,RNK,0.05,2,0.6,0,1,0.8322,0.0522
20,4x3,exp,ATS,0.05,2,0.6,0,1,0.825,0.042
20,4x3,exp,INT,0.05,2,0.6,0,1,0.8424,0.0518
20,4x3,exp,PAR,0.01,2,0.6,0,1,0.5058,0.1194
20,4x3,exp,RNK,0.01,2,0.6,0,1,0.6326,0.0122
20,4x3,exp,ATS,0.01,2,0.6,0,1,0.6168,0.01
20,4x3,exp,INT,0.01,2,0.6,0,1,0.6554,0.0128
20,4x3,exp,PAR,0.05,4,0.6,0,1,0.553,0.359
20,4x3,exp,RNK,0.05,4,0.6,0,1,0.8154,0.0622
20,4x3,exp,ATS,0.05,4,0.6,0,1,0.8112,0.0494
20,4x3,exp,INT,0.05,4,0.6,0,1,0.8344,0.0532
20,4x3,exp,PAR,0.01,4,0.6,0,1,0.3002,0.2084
20,4x3,exp,RNK,0.01,4,0.6,0,1,0.6032,0.014
20,4x3,exp,ATS,0.01,4,0.6,0,1,0.5988,0.0094
20,4x3,exp,INT,0.01,4,0.6,0,1,0.6274,0.0106
20,4x3,exp,PAR,0.05,8,0.6,0,1,0.4386,0.445
20,4x3,exp,RNK,0.05,8,0.6,0,1,0.8056,0.0704
20,4x3,exp,ATS,0.05,8,0.6,0,1,0.8004,0.052
20,4x3,exp,INT,0.05,8,0.6,0,1,0.8166,0.0742
20,4x3,exp,PAR,0.01,8,0.6,0,1,0.212,0.2836
20,4x3,exp,RNK,0.01,8,0.6,0,1,0.6124,0.02
20,4x3,exp,ATS,0.01,8,0.6,0,1,0.5968,0.012
20,4x3,exp,INT,0.01,8,0.6,0,1,0.617,0.02
20,4x3,exp,PAR,0.05,0,0,1.5,0.0552,0.0574,0.758
20,4x3,exp,RNK,0.05,0,0,1.5,0.0514,0.0486,0.6766
20,4x3,exp,ATS,0.05,0,0,1.5,0.053,0.0532,0.63
20,4x3,exp,INT,0.05,0,0,1.5,0.0484,0.0502,0.7014
20,4x3,exp,PAR,0.01,0,0,1.5,0.011,0.011,0.5282
20,4x3,exp,RNK,0.01,0,0,1.5,0.0138,0.0102,0.4452
20,4x3,exp,ATS,0.01,0,0,1.5,0.0124,0.013,0.3754
20,4x3,exp,INT,0.01,0,0,1.5,0.012,0.0092,0.4728
20,4x3,exp,PAR,0.05,0,1,1.5,0.1566,0.9994,0.6698
20,4x3,exp,RNK,0.05,0,1,1.5,0.0534,0.999,0.649
20,4x3,exp,ATS,0.05,0,1,1.5,0.0566,0.9986,0.5996
20,4x3,exp,INT,0.05,0,1,1.5,0.052,0.9996,0.6816
20,4x3,exp,PAR,0.01,0,1,1.5,0.0496,0.9958,0.4524
20,4x3,exp,RNK,0.01,0,1,1.5,0.012,0.9942,0.4164
20,4x3,exp,ATS,0.01,0,1,1.5,0.0128,0.992,0.3462
20,4x3,exp,INT,0.01,0,1,1.5,0.011,0.9976,0.4524
20,4x3,exp,PAR,0.05,0,2,1.5,0.3504,1,0.5782
20,4x3,exp,RNK,0.05,0,2,1.5,0.0506,1,0.579
20,4x3,exp,ATS,0.05,0,2,1.5,0.0534,1,0.529
20,4x3,exp,INT,0.05,0,2,1.5,0.0502,1,0.6468
20,4x3,exp,PAR,0.01,0,2,1.5,0.1506,1,0.401
20,4x3,exp,RNK,0.01,0,2,1.5,0.0098,1,0.336
20,4x3,exp,ATS,0.01,0,2,1.5,0.0116,1,0.2654
20,4x3,exp,INT,0.01,0,2,1.5,0.009,1,0.4058
20,4x3,exp,PAR,0.05,0,4,1.5,0.4744,1,0.5482
20,4x3,exp,RNK,0.05,0,4,1.5,0.0678,1,0.4904
20,4x3,exp,ATS,0.05,0,4,1.5,0.071,1,0.4264
20,4x3,exp,INT,0.05,0,4,1.5,0.06,1,0.6412
20,4x3,exp,PAR,0.01,0,4,1.5,0.236,1,0.368
20,4x3,exp,RNK,0.01,0,4,1.5,0.0152,1,0.2496
20,4x3,exp,ATS,0.01,0,4,1.5,0.017,1,0.1792
20,4x3,exp,INT,0.01,0,4,1.5,0.0144,1,0.3794
20,4x3,exp,PAR,0.05,0,8,1.5,0.473,1,0.5432
20,4x3,exp,RNK,0.05,0,8,1.5,0.0766,1,0.5218
20,4x3,exp,ATS,0.05,0,8,1.5,0.078,1,0.4578
20,4x3,exp,INT,0.05,0,8,1.5,0.0576,1,0.659
20,4x3,exp,PAR,0.01,0,8,1.5,0.2408,1,0.372
20,4x3,exp,RNK,0.01,0,8,1.5,0.0176,1,0.2702
20,4x3,exp,ATS,0.01,0,8,1.5,0.0182,1,0.2012
20,4x3,exp,INT,0.01,0,8,1.5,0.0096,1,0.4302
20,4x3,exp,PAR,0.05,0,0,1.5,0.0538,0.054,0.7502
20,4x3,exp,RNK,0.05,0,0,1.5,0.0458,0.0484,0.6662
20,4x3,exp,ATS,0.05,0,0,1.5,0.0472,0.0602,0.6262
20,4x3,exp,INT,0.05,0,0,1.5,0.0468,0.0488,0.7022
20,4x3,exp,PAR,0.01,0,0,1.5,0.0106,0.0088,0.5246
20,4x3,exp,RNK,0.01,0,0,1.5,0.0058,0.0116,0.4496
20,4x3,exp,ATS,0.01,0,0,1.5,0.0092,0.0148,0.385
20,4x3,exp,INT,0.01,0,0,1.5,0.0082,0.0112,0.4782
20,4x3,exp,PAR,0.05,1,0,1.5,0.9938,0.1802,0.6818
20,4x3,exp,RNK,0.05,1,0,1.5,0.992,0.0472,0.6494
20,4x3,exp,ATS,0.05,1,0,1.5,0.989,0.054,0.6052
20,4x3,exp,INT,0.05,1,0,1.5,0.9938,0.0502,0.6828
20,4x3,exp,PAR,0.01,1,0,1.5,0.973,0.0608,0.48
20,4x3,exp,RNK,0.01,1,0,1.5,0.9622,0.0084,0.417
20,4x3,exp,ATS,0.01,1,0,1.5,0.9484,0.0128,0.3436
20,4x3,exp,INT,0.01,1,0,1.5,0.9708,0.0096,0.4576
20,4x3,exp,PAR,0.05,2,0,1.5,1,0.3772,0.6148
20,4x3,exp,RNK,0.05,2,0,1.5,1,0.0558,0.5596
20,4x3,exp,ATS,0.05,2,0,1.5,1,0.0678,0.506
20,4x3,exp,INT,0.05,2,0,1.5,1,0.057,0.6372
20,4x3,exp,PAR,0.01,2,0,1.5,1,0.1802,0.4282
20,4x3,exp,RNK,0.01,2,0,1.5,1,0.0118,0.327
20,4x3,exp,ATS,0.01,2,0,1.5,1,0.0158,0.2686
20,4x3,exp,INT,0.01,2,0,1.5,1,0.0118,0.4018
20,4x3,exp,PAR,0.05,4,0,1.5,1,0.5396,0.5884
20,4x3,exp,RNK,0.05,4,0,1.5,1,0.0706,0.4586
20,4x3,exp,ATS,0.05,4,0,1.5,1,0.0802,0.3978
20,4x3,exp,INT,0.05,4,0,1.5,1,0.0606,0.6192
20,4x3,exp,PAR,0.01,4,0,1.5,1,0.284,0.4264
20,4x3,exp,RNK,0.01,4,0,1.5,1,0.0156,0.2334
20,4x3,exp,ATS,0.01,4,0,1.5,1,0.02,0.179
20,4x3,exp,INT,0.01,4,0,1.5,1,0.0142,0.3782
20,4x3,exp,PAR,0.05,8,0,1.5,1,0.5424,0.6054
20,4x3,exp,RNK,0.05,8,0,1.5,1,0.0744,0.4448
20,4x3,exp,ATS,0.05,8,0,1.5,1,0.0856,0.3838
20,4x3,exp,INT,0.05,8,0,1.5,1,0.058,0.652
20,4x3,exp,PAR,0.01,8,0,1.5,1,0.2824,0.4558
20,4x3,exp,RNK,0.01,8,0,1.5,1,0.0178,0.2438
20,4x3,exp,ATS,0.01,8,0,1.5,1,0.0224,0.1872
20,4x3,exp,INT,0.01,8,0,1.5,1,0.0102,0.4314
20,4x3,binom,PAR,0.05,0.6,0,0,0.8172,0.0484,0.0466
20,4x3,binom,RNK,0.05,0.6,0,0,0.7848,0.047,0.0496
20,4x3,binom,ATS,0.05,0.6,0,0,0.767,0.0552,0.0398
20,4x3,binom,INT,0.05,0.6,0,0,0.8106,0.0474,0.0492
20,4x3,binom,PAR,0.01,0.6,0,0,0.6224,0.0096,0.0104
20,4x3,binom,RNK,0.01,0.6,0,0,0.5822,0.0096,0.0108
20,4x3,binom,ATS,0.01,0.6,0,0,0.5516,0.0126,0.0076
20,4x3,binom,INT,0.01,0.6,0,0,0.6148,0.01,0.0112
20,4x3,binom,PAR,0.05,0.6,1,0,0.8068,0.9996,0.1078
20,4x3,binom,RNK,0.05,0.6,1,0,0.7612,0.9996,0.0648
20,4x3,binom,ATS,0.05,0.6,1,0,0.7406,0.9994,0.0536
20,4x3,binom,INT,0.05,0.6,1,0,0.7978,0.9996,0.0828
20,4x3,binom,PAR,0.01,0.6,1,0,0.5922,0.999,0.034
20,4x3,binom,RNK,0.01,0.6,1,0,0.5342,0.998,0.0152
20,4x3,binom,ATS,0.01,0.6,1,0,0.5122,0.996,0.0094
20,4x3,binom,INT,0.01,0.6,1,0,0.5856,0.9986,0.0202
20,4x3,binom,PAR,0.05,0.6,2,0,0.778,1,0.2634
20,4x3,binom,RNK,0.05,0.6,2,0,0.704,1,0.1006
20,4x3,binom,ATS,0.05,0.6,2,0,0.6888,1,0.0824
20,4x3,binom,INT,0.05,0.6,2,0,0.7624,1,0.162
20,4x3,binom,PAR,0.01,0.6,2,0,0.572,1,0.1172
20,4x3,binom,RNK,0.01,0.6,2,0,0.4796,1,0.0258
20,4x3,binom,ATS,0.01,0.6,2,0,0.462,1,0.018
20,4x3,binom,INT,0.01,0.6,2,0,0.5508,1,0.056
20,4x3,binom,PAR,0.05,0.6,4,0,0.7304,1,0.5108
20,4x3,binom,RNK,0.05,0.6,4,0,0.5896,1,0.2144
20,4x3,binom,ATS,0.05,0.6,4,0,0.5842,1,0.1726
20,4x3,binom,INT,0.05,0.6,4,0,0.698,1,0.3718
20,4x3,binom,PAR,0.01,0.6,4,0,0.4934,1,0.32
20,4x3,binom,RNK,0.01,0.6,4,0,0.3466,1,0.0768
20,4x3,binom,ATS,0.01,0.6,4,0,0.3434,1,0.0516
20,4x3,binom,INT,0.01,0.6,4,0,0.4586,1,0.1888
20,4x3,binom,PAR,0.05,0.6,8,0,0.6692,1,0.6378
20,4x3,binom,RNK,0.05,0.6,8,0,0.5374,1,0.4216
20,4x3,binom,ATS,0.05,0.6,8,0,0.546,1,0.3528
20,4x3,binom,INT,0.05,0.6,8,0,0.639,1,0.5562
20,4x3,binom,PAR,0.01,0.6,8,0,0.437,1,0.4552
20,4x3,binom,RNK,0.01,0.6,8,0,0.2982,1,0.2488
20,4x3,binom,ATS,0.01,0.6,8,0,0.2994,1,0.1518
20,4x3,binom,INT,0.01,0.6,8,0,0.402,1,0.3674
20,4x3,binom,PAR,0.05,0,0.6,0,0.0524,0.9164,0.055
20,4x3,binom,RNK,0.05,0,0.6,0,0.0508,0.8956,0.0562
20,4x3,binom,ATS,0.05,0,0.6,0,0.0506,0.8828,0.0444
20,4x3,binom,INT,0.05,0,0.6,0,0.0514,0.9138,0.055
20,4x3,binom,PAR,0.01,0,0.6,0,0.01,0.7858,0.0106
20,4x3,binom,RNK,0.01,0,0.6,0,0.009,0.7508,0.0118
20,4x3,binom,ATS,0.01,0,0.6,0,0.0102,0.7276,0.008
20,4x3,binom,INT,0.01,0,0.6,0,0.01,0.7824,0.011
20,4x3,binom,PAR,0.05,1,0.6,0,0.9972,0.9124,0.103
20,4x3,binom,RNK,0.05,1,0.6,0,0.9944,0.8892,0.0674
20,4x3,binom,ATS,0.05,1,0.6,0,0.9926,0.8826,0.0564
20,4x3,binom,INT,0.05,1,0.6,0,0.9964,0.908,0.0838
20,4x3,binom,PAR,0.01,1,0.6,0,0.9844,0.7782,0.0288
20,4x3,binom,RNK,0.01,1,0.6,0,0.9748,0.7316,0.015
20,4x3,binom,ATS,0.01,1,0.6,0,0.9668,0.7108,0.0104
20,4x3,binom,INT,0.01,1,0.6,0,0.9822,0.7728,0.0212
20,4x3,binom,PAR,0.05,2,0.6,0,1,0.9008,0.2636
20,4x3,binom,RNK,0.05,2,0.6,0,1,0.8438,0.099
20,4x3,binom,ATS,0.05,2,0.6,0,1,0.8396,0.081
20,4x3,binom,INT,0.05,2,0.6,0,1,0.8884,0.1606
20,4x3,binom,PAR,0.01,2,0.6,0,1,0.749,0.1174
20,4x3,binom,RNK,0.01,2,0.6,0,1,0.6622,0.0234
20,4x3,binom,ATS,0.01,2,0.6,0,1,0.6472,0.0168
20,4x3,binom,INT,0.01,2,0.6,0,1,0.735,0.0464
20,4x3,binom,PAR,0.05,4,0.6,0,1,0.851,0.5582
20,4x3,binom,RNK,0.05,4,0.6,0,1,0.7062,0.1964
20,4x3,binom,ATS,0.05,4,0.6,0,1,0.705,0.1572
20,4x3,binom,INT,0.05,4,0.6,0,1,0.8092,0.3584
20,4x3,binom,PAR,0.01,4,0.6,0,1,0.6706,0.3754
20,4x3,binom,RNK,0.01,4,0.6,0,1,0.4834,0.0738
20,4x3,binom,ATS,0.01,4,0.6,0,1,0.4854,0.0456
20,4x3,binom,INT,0.01,4,0.6,0,1,0.6116,0.1596
20,4x3,binom,PAR,0.05,8,0.6,0,1,0.7876,0.7098
20,4x3,binom,RNK,0.05,8,0.6,0,1,0.579,0.3676
20,4x3,binom,ATS,0.05,8,0.6,0,1,0.5902,0.2818
20,4x3,binom,INT,0.05,8,0.6,0,1,0.728,0.5772
20,4x3,binom,PAR,0.01,8,0.6,0,1,0.5694,0.5482
20,4x3,binom,RNK,0.01,8,0.6,0,1,0.3496,0.1978
20,4x3,binom,ATS,0.01,8,0.6,0,1,0.3664,0.1106
20,4x3,binom,INT,0.01,8,0.6,0,1,0.4974,0.3858
20,4x3,binom,PAR,0.05,0,0,1.5,0.0544,0.0592,0.7792
20,4x3,binom,RNK,0.05,0,0,1.5,0.0518,0.0552,0.7386
20,4x3,binom,ATS,0.05,0,0,1.5,0.0552,0.063,0.6974
20,4x3,binom,INT,0.05,0,0,1.5,0.0534,0.0594,0.7686
20,4x3,binom,PAR,0.01,0,0,1.5,0.0116,0.0146,0.5604
20,4x3,binom,RNK,0.01,0,0,1.5,0.0092,0.0114,0.5192
20,4x3,binom,ATS,0.01,0,0,1.5,0.0104,0.0162,0.4444
20,4x3,binom,INT,0.01,0,0,1.5,0.0098,0.0128,0.5538
20,4x3,binom,PAR,0.05,0,1,1.5,0.16,0.9996,0.7488
20,4x3,binom,RNK,0.05,0,1,1.5,0.078,0.9994,0.6946
20,4x3,binom,ATS,0.05,0,1,1.5,0.075,0.9994,0.652
20,4x3,binom,INT,0.05,0,1,1.5,0.1108,0.9996,0.7408
20,4x3,binom,PAR,0.01,0,1,1.5,0.0516,0.9974,0.5584
20,4x3,binom,RNK,0.01,0,1,1.5,0.0184,0.9966,0.4692
20,4x3,binom,ATS,0.01,0,1,1.5,0.0196,0.9952,0.4022
20,4x3,binom,INT,0.01,0,1,1.5,0.031,0.9978,0.5362
20,4x3,binom,PAR,0.05,0,2,1.5,0.399,1,0.714
20,4x3,binom,RNK,0.05,0,2,1.5,0.1406,1,0.6008
20,4x3,binom,ATS,0.05,0,2,1.5,0.1352,1,0.5596
20,4x3,binom,INT,0.05,0,2,1.5,0.2394,1,0.6888
20,4x3,binom,PAR,0.01,0,2,1.5,0.2022,1,0.561
20,4x3,binom,RNK,0.01,0,2,1.5,0.0442,1,0.3832
20,4x3,binom,ATS,0.01,0,2,1.5,0.0454,1,0.3194
20,4x3,binom,INT,0.01,0,2,1.5,0.0896,1,0.503
20,4x3,binom,PAR,0.05,0,4,1.5,0.6978,1,0.723
20,4x3,binom,RNK,0.05,0,4,1.5,0.3234,1,0.5054
20,4x3,binom,ATS,0.05,0,4,1.5,0.3202,1,0.462
20,4x3,binom,INT,0.05,0,4,1.5,0.5348,1,0.6638
20,4x3,binom,PAR,0.01,0,4,1.5,0.4834,1,0.5944
20,4x3,binom,RNK,0.01,0,4,1.5,0.1398,1,0.3062
20,4x3,binom,ATS,0.01,0,4,1.5,0.1422,1,0.24
20,4x3,binom,INT,0.01,0,4,1.5,0.2978,1,0.5022
20,4x3,binom,PAR,0.05,0,8,1.5,0.7814,1,0.783
20,4x3,binom,RNK,0.05,0,8,1.5,0.5866,1,0.6056
20,4x3,binom,ATS,0.05,0,8,1.5,0.5912,1,0.5512
20,4x3,binom,INT,0.05,0,8,1.5,0.7224,1,0.7234
20,4x3,binom,PAR,0.01,0,8,1.5,0.6092,1,0.6668
20,4x3,binom,RNK,0.01,0,8,1.5,0.3856,1,0.4558
20,4x3,binom,ATS,0.01,0,8,1.5,0.3836,1,0.3594
20,4x3,binom,INT,0.01,0,8,1.5,0.5306,1,0.5986
20,4x3,binom,PAR,0.05,0,0,1.5,0.0564,0.0602,0.7888
20,4x3,binom,RNK,0.05,0,0,1.5,0.0548,0.0546,0.7438
20,4x3,binom,ATS,0.05,0,0,1.5,0.0538,0.0626,0.7032
20,4x3,binom,INT,0.05,0,0,1.5,0.0534,0.058,0.7768
20,4x3,binom,PAR,0.01,0,0,1.5,0.0146,0.0124,0.571
20,4x3,binom,RNK,0.01,0,0,1.5,0.0124,0.0118,0.521
20,4x3,binom,ATS,0.01,0,0,1.5,0.0116,0.0134,0.4492
20,4x3,binom,INT,0.01,0,0,1.5,0.0126,0.012,0.561
20,4x3,binom,PAR,0.05,1,0,1.5,0.9966,0.1606,0.7598
20,4x3,binom,RNK,0.05,1,0,1.5,0.992,0.083,0.6918
20,4x3,binom,ATS,0.05,1,0,1.5,0.9908,0.0892,0.6524
20,4x3,binom,INT,0.05,1,0,1.5,0.9952,0.1144,0.7444
20,4x3,binom,PAR,0.01,1,0,1.5,0.9834,0.055,0.5704
20,4x3,binom,RNK,0.01,1,0,1.5,0.9748,0.02,0.4678
20,4x3,binom,ATS,0.01,1,0,1.5,0.9638,0.0246,0.4046
20,4x3,binom,INT,0.01,1,0,1.5,0.9818,0.034,0.5438
20,4x3,binom,PAR,0.05,2,0,1.5,1,0.4108,0.7444
20,4x3,binom,RNK,0.05,2,0,1.5,1,0.1488,0.596
20,4x3,binom,ATS,0.05,2,0,1.5,1,0.1538,0.5504
20,4x3,binom,INT,0.05,2,0,1.5,1,0.2576,0.7108
20,4x3,binom,PAR,0.01,2,0,1.5,1,0.2188,0.5882
20,4x3,binom,RNK,0.01,2,0,1.5,1,0.0484,0.3662
20,4x3,binom,ATS,0.01,2,0,1.5,1,0.0534,0.3042
20,4x3,binom,INT,0.01,2,0,1.5,1,0.1044,0.5218
20,4x3,binom,PAR,0.05,4,0,1.5,1,0.7462,0.7808
20,4x3,binom,RNK,0.05,4,0,1.5,1,0.3092,0.4504
20,4x3,binom,ATS,0.05,4,0,1.5,1,0.318,0.3968
20,4x3,binom,INT,0.05,4,0,1.5,1,0.5166,0.7012
20,4x3,binom,PAR,0.01,4,0,1.5,1,0.542,0.6574
20,4x3,binom,RNK,0.01,4,0,1.5,1,0.15,0.2442
20,4x3,binom,ATS,0.01,4,0,1.5,1,0.159,0.1678
20,4x3,binom,INT,0.01,4,0,1.5,1,0.2934,0.5162
20,4x3,binom,PAR,0.05,8,0,1.5,1,0.8494,0.8248
20,4x3,binom,RNK,0.05,8,0,1.5,1,0.5162,0.5186
20,4x3,binom,ATS,0.05,8,0,1.5,1,0.5282,0.4254
20,4x3,binom,INT,0.05,8,0,1.5,1,0.7378,0.7512
20,4x3,binom,PAR,0.01,8,0,1.5,1,0.6936,0.7292
20,4x3,binom,RNK,0.01,8,0,1.5,1,0.3198,0.3378
20,4x3,binom,ATS,0.01,8,0,1.5,1,0.3276,0.228
20,4x3,binom,INT,0.01,8,0,1.5,1,0.5358,0.5994
20,4x3,poisson,PAR,0.05,0.6,0,0,0.999,0.0432,0.0514
20,4x3,poisson,RNK,0.05,0.6,0,0,0.9982,0.0478,0.0588
20,4x3,poisson,ATS,0.05,0.6,0,0,0.9974,0.0546,0.0486
20,4x3,poisson,INT,0.05,0.6,0,0,0.9988,0.045,0.0554
20,4x3,poisson,PAR,0.01,0.6,0,0,0.996,0.0092,0.0088
20,4x3,poisson,RNK,0.01,0.6,0,0,0.9934,0.0092,0.0134
20,4x3,poisson,ATS,0.01,0.6,0,0,0.9902,0.0142,0.0064
20,4x3,poisson,INT,0.01,0.6,0,0,0.995,0.0084,0.0108
20,4x3,poisson,PAR,0.05,0.6,1,0,1,1,0.3702
20,4x3,poisson,RNK,0.05,0.6,1,0,0.9984,1,0.0832
20,4x3,poisson,ATS,0.05,0.6,1,0,0.9986,1,0.0708
20,4x3,poisson,INT,0.05,0.6,1,0,0.9994,1,0.1182
20,4x3,poisson,PAR,0.01,0.6,1,0,0.9968,1,0.1732
20,4x3,poisson,RNK,0.01,0.6,1,0,0.9886,1,0.0206
20,4x3,poisson,ATS,0.01,0.6,1,0,0.987,1,0.0146
20,4x3,poisson,INT,0.01,0.6,1,0,0.9954,1,0.0344
20,4x3,poisson,PAR,0.05,0.6,2,0,0.9976,1,0.8058
20,4x3,poisson,RNK,0.05,0.6,2,0,0.983,1,0.1714
20,4x3,poisson,ATS,0.05,0.6,2,0,0.9802,1,0.1544
20,4x3,poisson,INT,0.05,0.6,2,0,0.9958,1,0.2938
20,4x3,poisson,PAR,0.01,0.6,2,0,0.988,1,0.6284
20,4x3,poisson,RNK,0.01,0.6,2,0,0.9444,1,0.064
20,4x3,poisson,ATS,0.01,0.6,2,0,0.9368,1,0.0492
20,4x3,poisson,INT,0.01,0.6,2,0,0.9764,1,0.1168
20,4x3,poisson,PAR,0.05,0.6,4,0,0.9928,1,0.9634
20,4x3,poisson,RNK,0.05,0.6,4,0,0.897,1,0.4078
20,4x3,poisson,ATS,0.05,0.6,4,0,0.8924,1,0.3718
20,4x3,poisson,INT,0.05,0.6,4,0,0.9824,1,0.7914
20,4x3,poisson,PAR,0.01,0.6,4,0,0.9664,1,0.8878
20,4x3,poisson,RNK,0.01,0.6,4,0,0.7774,1,0.2056
20,4x3,poisson,ATS,0.01,0.6,4,0,0.7688,1,0.1674
20,4x3,poisson,INT,0.01,0.6,4,0,0.9298,1,0.5722
20,4x3,poisson,PAR,0.05,0.6,8,0,0.99,1,0.979
20,4x3,poisson,RNK,0.05,0.6,8,0,0.9114,1,0.7956
20,4x3,poisson,ATS,0.05,0.6,8,0,0.9296,1,0.7714
20,4x3,poisson,INT,0.05,0.6,8,0,0.9796,1,0.9522
20,4x3,poisson,PAR,0.01,0.6,8,0,0.9446,1,0.939
20,4x3,poisson,RNK,0.01,0.6,8,0,0.7962,1,0.6314
20,4x3,poisson,ATS,0.01,0.6,8,0,0.831,1,0.58
20,4x3,poisson,INT,0.01,0.6,8,0,0.9218,1,0.8638
20,4x3,poisson,PAR,0.05,0,0.6,0,0.0448,1,0.0442
20,4x3,poisson,RNK,0.05,0,0.6,0,0.0452,1,0.0474
20,4x3,poisson,ATS,0.05,0,0.6,0,0.0448,1,0.0384
20,4x3,poisson,INT,0.05,0,0.6,0,0.0474,1,0.048
20,4x3,poisson,PAR,0.01,0,0.6,0,0.0082,1,0.0088
20,4x3,poisson,RNK,0.01,0,0.6,0,0.0092,1,0.0096
20,4x3,poisson,ATS,0.01,0,0.6,0,0.0094,0.9994,0.0072
20,4x3,poisson,INT,0.01,0,0.6,0,0.0086,1,0.0096
20,4x3,poisson,PAR,0.05,1,0.6,0,1,1,0.3822
20,4x3,poisson,RNK,0.05,1,0.6,0,1,1,0.086
20,4x3,poisson,ATS,0.05,1,0.6,0,1,1,0.0716
20,4x3,poisson,INT,0.05,1,0.6,0,1,1,0.121
20,4x3,poisson,PAR,0.01,1,0.6,0,1,0.9998,0.1962
20,4x3,poisson,RNK,0.01,1,0.6,0,1,0.9992,0.0258
20,4x3,poisson,ATS,0.01,1,0.6,0,1,0.9982,0.0186
20,4x3,poisson,INT,0.01,1,0.6,0,1,1,0.0372
20,4x3,poisson,PAR,0.05,2,0.6,0,1,1,0.8352
20,4x3,poisson,RNK,0.05,2,0.6,0,1,0.9978,0.1926
20,4x3,poisson,ATS,0.05,2,0.6,0,1,0.9972,0.1652
20,4x3,poisson,INT,0.05,2,0.6,0,1,0.9992,0.3076
20,4x3,poisson,PAR,0.01,2,0.6,0,1,0.999,0.6768
20,4x3,poisson,RNK,0.01,2,0.6,0,1,0.9892,0.0648
20,4x3,poisson,ATS,0.01,2,0.6,0,1,0.9852,0.0506
20,4x3,poisson,INT,0.01,2,0.6,0,1,0.9962,0.1204
20,4x3,poisson,PAR,0.05,4,0.6,0,1,0.9986,0.9782
20,4x3,poisson,RNK,0.05,4,0.6,0,1,0.938,0.3944
20,4x3,poisson,ATS,0.05,4,0.6,0,1,0.9352,0.363
20,4x3,poisson,INT,0.05,4,0.6,0,1,0.9906,0.7208
20,4x3,poisson,PAR,0.01,4,0.6,0,1,0.9888,0.9286
20,4x3,poisson,RNK,0.01,4,0.6,0,1,0.851,0.207
20,4x3,poisson,ATS,0.01,4,0.6,0,1,0.8468,0.1706
20,4x3,poisson,INT,0.01,4,0.6,0,1,0.963,0.4976
20,4x3,poisson,PAR,0.05,8,0.6,0,1,0.996,0.994
20,4x3,poisson,RNK,0.05,8,0.6,0,1,0.845,0.663
20,4x3,poisson,ATS,0.05,8,0.6,0,1,0.8508,0.5814
20,4x3,poisson,INT,0.05,8,0.6,0,1,0.9776,0.9522
20,4x3,poisson,PAR,0.01,8,0.6,0,1,0.977,0.9768
20,4x3,poisson,RNK,0.01,8,0.6,0,1,0.7106,0.484
20,4x3,poisson,ATS,0.01,8,0.6,0,1,0.7222,0.3756
20,4x3,poisson,INT,0.01,8,0.6,0,1,0.924,0.8662
20,4x3,poisson,PAR,0.05,0,0,1.5,0.0736,0.0758,0.9994
20,4x3,poisson,RNK,0.05,0,0,1.5,0.0544,0.0514,0.9986
20,4x3,poisson,ATS,0.05,0,0,1.5,0.0566,0.0624,0.998
20,4x3,poisson,INT,0.05,0,0,1.5,0.06,0.059,0.9992
20,4x3,poisson,PAR,0.01,0,0,1.5,0.0202,0.0178,0.9974
20,4x3,poisson,RNK,0.01,0,0,1.5,0.0106,0.011,0.9916
20,4x3,poisson,ATS,0.01,0,0,1.5,0.0112,0.0132,0.984
20,4x3,poisson,INT,0.01,0,0,1.5,0.0122,0.0122,0.9946
20,4x3,poisson,PAR,0.05,0,1,1.5,0.571,1,0.9952
20,4x3,poisson,RNK,0.05,0,1,1.5,0.1136,1,0.9932
20,4x3,poisson,ATS,0.05,0,1,1.5,0.111,1,0.991
20,4x3,poisson,INT,0.05,0,1,1.5,0.1816,1,0.9958
20,4x3,poisson,PAR,0.01,0,1,1.5,0.366,1,0.9806
20,4x3,poisson,RNK,0.01,0,1,1.5,0.0314,1,0.9728
20,4x3,poisson,ATS,0.01,0,1,1.5,0.033,1,0.9548
20,4x3,poisson,INT,0.01,0,1,1.5,0.0592,1,0.984
20,4x3,poisson,PAR,0.05,0,2,1.5,0.927,1,0.9852
20,4x3,poisson,RNK,0.05,0,2,1.5,0.2504,1,0.9654
20,4x3,poisson,ATS,0.05,0,2,1.5,0.2476,1,0.954
20,4x3,poisson,INT,0.05,0,2,1.5,0.4318,1,0.9886
20,4x3,poisson,PAR,0.01,0,2,1.5,0.8164,1,0.938
20,4x3,poisson,RNK,0.01,0,2,1.5,0.114,1,0.8782
20,4x3,poisson,ATS,0.01,0,2,1.5,0.1174,1,0.8294
20,4x3,poisson,INT,0.01,0,2,1.5,0.2172,1,0.9528
20,4x3,poisson,PAR,0.05,0,4,1.5,0.9912,1,0.9666
20,4x3,poisson,RNK,0.05,0,4,1.5,0.508,1,0.8568
20,4x3,poisson,ATS,0.05,0,4,1.5,0.5114,1,0.8312
20,4x3,poisson,INT,0.05,0,4,1.5,0.8756,1,0.962
20,4x3,poisson,PAR,0.01,0,4,1.5,0.965,1,0.9204
20,4x3,poisson,RNK,0.01,0,4,1.5,0.3248,1,0.658
20,4x3,poisson,ATS,0.01,0,4,1.5,0.3312,1,0.5816
20,4x3,poisson,INT,0.01,0,4,1.5,0.7238,1,0.8988
20,4x3,poisson,PAR,0.05,0,8,1.5,0.9926,1,0.9642
20,4x3,poisson,RNK,0.05,0,8,1.5,0.8706,1,0.8438
20,4x3,poisson,ATS,0.05,0,8,1.5,0.8822,1,0.8142
20,4x3,poisson,INT,0.05,0,8,1.5,0.9748,1,0.9496
20,4x3,poisson,PAR,0.01,0,8,1.5,0.9706,1,0.9244
20,4x3,poisson,RNK,0.01,0,8,1.5,0.7598,1,0.6992
20,4x3,poisson,ATS,0.01,0,8,1.5,0.7728,1,0.64
20,4x3,poisson,INT,0.01,0,8,1.5,0.9268,1,0.8928
20,4x3,poisson,PAR,0.05,0,0,1.5,0.0782,0.0724,0.9986
20,4x3,poisson,RNK,0.05,0,0,1.5,0.054,0.052,0.9972
20,4x3,poisson,ATS,0.05,0,0,1.5,0.0592,0.0568,0.9966
20,4x3,poisson,INT,0.05,0,0,1.5,0.0568,0.0556,0.9982
20,4x3,poisson,PAR,0.01,0,0,1.5,0.0212,0.0134,0.995
20,4x3,poisson,RNK,0.01,0,0,1.5,0.0124,0.0102,0.991
20,4x3,poisson,ATS,0.01,0,0,1.5,0.013,0.0142,0.9832
20,4x3,poisson,INT,0.01,0,0,1.5,0.0124,0.0108,0.9946
20,4x3,poisson,PAR,0.05,1,0,1.5,1,0.5686,0.9966
20,4x3,poisson,RNK,0.05,1,0,1.5,1,0.1114,0.9922
20,4x3,poisson,ATS,0.05,1,0,1.5,1,0.1224,0.9886
20,4x3,poisson,INT,0.05,1,0,1.5,1,0.1916,0.9972
20,4x3,poisson,PAR,0.01,1,0,1.5,1,0.359,0.9852
20,4x3,poisson,RNK,0.01,1,0,1.5,1,0.0326,0.9706
20,4x3,poisson,ATS,0.01,1,0,1.5,1,0.0364,0.9534
20,4x3,poisson,INT,0.01,1,0,1.5,1,0.0622,0.9862
20,4x3,poisson,PAR,0.05,2,0,1.5,1,0.9396,0.981
20,4x3,poisson,RNK,0.05,2,0,1.5,1,0.2504,0.9486
20,4x3,poisson,ATS,0.05,2,0,1.5,1,0.2526,0.9298
20,4x3,poisson,INT,0.05,2,0,1.5,1,0.4214,0.9864
20,4x3,poisson,PAR,0.01,2,0,1.5,1,0.8422,0.9504
20,4x3,poisson,RNK,0.01,2,0,1.5,1,0.12,0.839
20,4x3,poisson,ATS,0.01,2,0,1.5,1,0.1278,0.7804
20,4x3,poisson,INT,0.01,2,0,1.5,1,0.2258,0.9534
20,4x3,poisson,PAR,0.05,4,0,1.5,1,0.9938,0.9758
20,4x3,poisson,RNK,0.05,4,0,1.5,1,0.462,0.7138
20,4x3,poisson,ATS,0.05,4,0,1.5,1,0.4702,0.6596
20,4x3,poisson,INT,0.05,4,0,1.5,1,0.7734,0.9636
20,4x3,poisson,PAR,0.01,4,0,1.5,1,0.9684,0.9494
20,4x3,poisson,RNK,0.01,4,0,1.5,1,0.3156,0.4814
20,4x3,poisson,ATS,0.01,4,0,1.5,1,0.3272,0.412
20,4x3,poisson,INT,0.01,4,0,1.5,1,0.6018,0.9084
20,4x3,poisson,PAR,0.05,8,0,1.5,1,0.9968,0.9836
20,4x3,poisson,RNK,0.05,8,0,1.5,1,0.721,0.7242
20,4x3,poisson,ATS,0.05,8,0,1.5,1,0.7272,0.6442
20,4x3,poisson,INT,0.05,8,0,1.5,1,0.9554,0.9604
20,4x3,poisson,PAR,0.01,8,0,1.5,1,0.9824,0.9658
20,4x3,poisson,RNK,0.01,8,0,1.5,1,0.5608,0.566
20,4x3,poisson,ATS,0.01,8,0,1.5,1,0.5734,0.4466
20,4x3,poisson,INT,0.01,8,0,1.5,1,0.881,0.9134
20,4x3,likert,PAR,0.05,0.6,0,0,0.7384,0.0488,0.0474
20,4x3,likert,RNK,0.05,0.6,0,0,0.7466,0.0486,0.0472
20,4x3,likert,ATS,0.05,0.6,0,0,0.7306,0.0518,0.039
20,4x3,likert,INT,0.05,0.6,0,0,0.7586,0.0478,0.0472
20,4x3,likert,PAR,0.01,0.6,0,0,0.5096,0.0084,0.0116
20,4x3,likert,RNK,0.01,0.6,0,0,0.5238,0.0076,0.0118
20,4x3,likert,ATS,0.01,0.6,0,0,0.4928,0.0126,0.0074
20,4x3,likert,INT,0.01,0.6,0,0,0.5348,0.0078,0.0114
20,4x3,likert,PAR,0.05,0.6,1,0,0.715,0.9964,0.0652
20,4x3,likert,RNK,0.05,0.6,1,0,0.7284,0.9984,0.0546
20,4x3,likert,ATS,0.05,0.6,1,0,0.705,0.9974,0.0408
20,4x3,likert,INT,0.05,0.6,1,0,0.7398,0.998,0.0554
20,4x3,likert,PAR,0.01,0.6,1,0,0.4948,0.9862,0.015
20,4x3,likert,RNK,0.01,0.6,1,0,0.5094,0.9888,0.0108
20,4x3,likert,ATS,0.01,0.6,1,0,0.4844,0.9854,0.0064
20,4x3,likert,INT,0.01,0.6,1,0,0.5226,0.9914,0.011
20,4x3,likert,PAR,0.05,0.6,2,0,0.6814,1,0.0836
20,4x3,likert,RNK,0.05,0.6,2,0,0.6952,1,0.0738
20,4x3,likert,ATS,0.05,0.6,2,0,0.6834,1,0.0592
20,4x3,likert,INT,0.05,0.6,2,0,0.7022,1,0.0718
20,4x3,likert,PAR,0.01,0.6,2,0,0.4642,0.9994,0.0268
20,4x3,likert,RNK,0.01,0.6,2,0,0.4822,1,0.0198
20,4x3,likert,ATS,0.01,0.6,2,0,0.4462,0.9994,0.0136
20,4x3,likert,INT,0.01,0.6,2,0,0.4938,1,0.0206
20,4x3,likert,PAR,0.05,0.6,4,0,0.5862,0.9996,0.1256
20,4x3,likert,RNK,0.05,0.6,4,0,0.586,0.9996,0.0968
20,4x3,likert,ATS,0.05,0.6,4,0,0.5694,0.9994,0.0752
20,4x3,likert,INT,0.05,0.6,4,0,0.6044,0.9996,0.0962
20,4x3,likert,PAR,0.01,0.6,4,0,0.36,0.9994,0.049
20,4x3,likert,RNK,0.01,0.6,4,0,0.3602,0.9996,0.03
20,4x3,likert,ATS,0.01,0.6,4,0,0.3472,0.9992,0.0178
20,4x3,likert,INT,0.01,0.6,4,0,0.3806,0.9996,0.0284
20,4x3,likert,PAR,0.05,0.6,8,0,0.4092,0.998,0.1672
20,4x3,likert,RNK,0.05,0.6,8,0,0.3948,0.9984,0.158
20,4x3,likert,ATS,0.05,0.6,8,0,0.3788,0.9984,0.1111
20,4x3,likert,INT,0.05,0.6,8,0,0.4075,0.9986,0.1462
20,4x3,likert,PAR,0.01,0.6,8,0,0.2048,0.9968,0.0748
20,4x3,likert,RNK,0.01,0.6,8,0,0.1932,0.997,0.065
20,4x3,likert,ATS,0.01,0.6,8,0,0.1899,0.9968,0.0345
20,4x3,likert,INT,0.01,0.6,8,0,0.1996,0.9972,0.058
20,4x3,likert,PAR,0.05,0,0.6,0,0.0528,0.8568,0.0518
20,4x3,likert,RNK,0.05,0,0.6,0,0.0552,0.8652,0.0534
20,4x3,likert,ATS,0.05,0,0.6,0,0.0536,0.856,0.039
20,4x3,likert,INT,0.05,0,0.6,0,0.0534,0.8714,0.051
20,4x3,likert,PAR,0.01,0,0.6,0,0.0102,0.6864,0.0102
20,4x3,likert,RNK,0.01,0,0.6,0,0.0086,0.7026,0.01
20,4x3,likert,ATS,0.01,0,0.6,0,0.0096,0.6884,0.0062
20,4x3,likert,INT,0.01,0,0.6,0,0.0094,0.7164,0.0108
20,4x3,likert,PAR,0.05,1,0.6,0,0.986,0.8562,0.0604
20,4x3,likert,RNK,0.05,1,0.6,0,0.9898,0.865,0.0514
20,4x3,likert,ATS,0.05,1,0.6,0,0.9866,0.857,0.0432
20,4x3,likert,INT,0.05,1,0.6,0,0.9898,0.8722,0.0536
20,4x3,likert,PAR,0.01,1,0.6,0,0.958,0.6724,0.015
20,4x3,likert,RNK,0.01,1,0.6,0,0.963,0.6896,0.01
20,4x3,likert,ATS,0.01,1,0.6,0,0.954,0.6678,0.0072
20,4x3,likert,INT,0.01,1,0.6,0,0.9666,0.6978,0.0106
20,4x3,likert,PAR,0.05,2,0.6,0,0.9998,0.82,0.0848
20,4x3,likert,RNK,0.05,2,0.6,0,0.9998,0.8278,0.0662
20,4x3,likert,ATS,0.05,2,0.6,0,0.9998,0.8212,0.0512
20,4x3,likert,INT,0.05,2,0.6,0,0.9998,0.8382,0.0672
20,4x3,likert,PAR,0.01,2,0.6,0,0.999,0.6246,0.0286
20,4x3,likert,RNK,0.01,2,0.6,0,0.9994,0.6384,0.0174
20,4x3,likert,ATS,0.01,2,0.6,0,0.999,0.619,0.0108
20,4x3,likert,INT,0.01,2,0.6,0,0.9994,0.6546,0.0166
20,4x3,likert,PAR,0.05,4,0.6,0,1,0.749,0.1488
20,4x3,likert,RNK,0.05,4,0.6,0,1,0.7434,0.1122
20,4x3,likert,ATS,0.05,4,0.6,0,1,0.738,0.0902
20,4x3,likert,INT,0.05,4,0.6,0,1,0.7642,0.1122
20,4x3,likert,PAR,0.01,4,0.6,0,0.9996,0.5312,0.059
20,4x3,likert,RNK,0.01,4,0.6,0,0.9998,0.5338,0.0396
20,4x3,likert,ATS,0.01,4,0.6,0,0.9996,0.5314,0.0242
20,4x3,likert,INT,0.01,4,0.6,0,0.9998,0.556,0.037
20,4x3,likert,PAR,0.05,8,0.6,0,0.9992,0.579,0.1994
20,4x3,likert,RNK,0.05,8,0.6,0,0.999,0.564,0.1762
20,4x3,likert,ATS,0.05,8,0.6,0,0.999,0.5623,0.1235
20,4x3,likert,INT,0.05,8,0.6,0,0.9992,0.5789,0.1738
20,4x3,likert,PAR,0.01,8,0.6,0,0.9984,0.3576,0.0958
20,4x3,likert,RNK,0.01,8,0.6,0,0.9986,0.3448,0.0804
20,4x3,likert,ATS,0.01,8,0.6,0,0.9976,0.3448,0.0396
20,4x3,likert,INT,0.01,8,0.6,0,0.9986,0.3561,0.0716
20,4x3,likert,PAR,0.05,0,0,1.5,0.054,0.052,0.6958
20,4x3,likert,RNK,0.05,0,0,1.5,0.0552,0.0544,0.7042
20,4x3,likert,ATS,0.05,0,0,1.5,0.0542,0.0582,0.6632
20,4x3,likert,INT,0.05,0,0,1.5,0.0574,0.0514,0.7134
20,4x3,likert,PAR,0.01,0,0,1.5,0.0122,0.011,0.4678
20,4x3,likert,RNK,0.01,0,0,1.5,0.0114,0.0104,0.4842
20,4x3,likert,ATS,0.01,0,0,1.5,0.0124,0.0144,0.415
20,4x3,likert,INT,0.01,0,0,1.5,0.0102,0.0118,0.4958
20,4x3,likert,PAR,0.05,0,1,1.5,0.069,0.9964,0.6728
20,4x3,likert,RNK,0.05,0,1,1.5,0.0576,0.9972,0.666
20,4x3,likert,ATS,0.05,0,1,1.5,0.0568,0.9962,0.619
20,4x3,likert,INT,0.05,0,1,1.5,0.0574,0.9972,0.6856
20,4x3,likert,PAR,0.01,0,1,1.5,0.0194,0.985,0.4404
20,4x3,likert,RNK,0.01,0,1,1.5,0.015,0.9894,0.4402
20,4x3,likert,ATS,0.01,0,1,1.5,0.015,0.9868,0.3702
20,4x3,likert,INT,0.01,0,1,1.5,0.0164,0.9894,0.4602
20,4x3,likert,PAR,0.05,0,2,1.5,0.1032,0.9998,0.616
20,4x3,likert,RNK,0.05,0,2,1.5,0.0762,0.9998,0.5926
20,4x3,likert,ATS,0.05,0,2,1.5,0.0756,0.9998,0.5384
20,4x3,likert,INT,0.05,0,2,1.5,0.0776,0.9998,0.638
20,4x3,likert,PAR,0.01,0,2,1.5,0.029,0.9996,0.3946
20,4x3,likert,RNK,0.01,0,2,1.5,0.017,0.9998,0.361
20,4x3,likert,ATS,0.01,0,2,1.5,0.0172,0.9996,0.291
20,4x3,likert,INT,0.01,0,2,1.5,0.0192,0.9996,0.4064
20,4x3,likert,PAR,0.05,0,4,1.5,0.1598,0.9996,0.5206
20,4x3,likert,RNK,0.05,0,4,1.5,0.1206,1,0.4408
20,4x3,likert,ATS,0.05,0,4,1.5,0.122,0.9998,0.38
20,4x3,likert,INT,0.05,0,4,1.5,0.1248,1,0.523
20,4x3,likert,PAR,0.01,0,4,1.5,0.0628,0.9994,0.3194
20,4x3,likert,RNK,0.01,0,4,1.5,0.044,0.9996,0.2438
20,4x3,likert,ATS,0.01,0,4,1.5,0.0402,0.9996,0.1764
20,4x3,likert,INT,0.01,0,4,1.5,0.0442,0.9996,0.3082
20,4x3,likert,PAR,0.05,0,8,1.5,0.1818,0.9984,0.4082
20,4x3,likert,RNK,0.05,0,8,1.5,0.1616,0.9986,0.3434
20,4x3,likert,ATS,0.05,0,8,1.5,0.1549,0.9986,0.2814
20,4x3,likert,INT,0.05,0,8,1.5,0.1628,0.9988,0.4049
20,4x3,likert,PAR,0.01,0,8,1.5,0.0796,0.9974,0.2542
20,4x3,likert,RNK,0.01,0,8,1.5,0.0618,0.9978,0.1952
20,4x3,likert,ATS,0.01,0,8,1.5,0.0578,0.9968,0.1272
20,4x3,likert,INT,0.01,0,8,1.5,0.0644,0.998,0.2344
20,4x3,likert,PAR,0.05,0,0,1.5,0.0502,0.0462,0.6956
20,4x3,likert,RNK,0.05,0,0,1.5,0.0514,0.0456,0.7
20,4x3,likert,ATS,0.05,0,0,1.5,0.0536,0.052,0.6528
20,4x3,likert,INT,0.05,0,0,1.5,0.0508,0.0462,0.715
20,4x3,likert,PAR,0.01,0,0,1.5,0.012,0.0108,0.4624
20,4x3,likert,RNK,0.01,0,0,1.5,0.0108,0.011,0.4744
20,4x3,likert,ATS,0.01,0,0,1.5,0.012,0.0156,0.4068
20,4x3,likert,INT,0.01,0,0,1.5,0.0112,0.0106,0.489
20,4x3,likert,PAR,0.05,1,0,1.5,0.9842,0.0704,0.6632
20,4x3,likert,RNK,0.05,1,0,1.5,0.988,0.058,0.6612
20,4x3,likert,ATS,0.05,1,0,1.5,0.9868,0.065,0.6116
20,4x3,likert,INT,0.05,1,0,1.5,0.9886,0.0618,0.6814
20,4x3,likert,PAR,0.01,1,0,1.5,0.9528,0.0162,0.4398
20,4x3,likert,RNK,0.01,1,0,1.5,0.9606,0.011,0.4324
20,4x3,likert,ATS,0.01,1,0,1.5,0.9484,0.0178,0.3686
20,4x3,likert,INT,0.01,1,0,1.5,0.9642,0.0134,0.4606
20,4x3,likert,PAR,0.05,2,0,1.5,0.9998,0.1072,0.6186
20,4x3,likert,RNK,0.05,2,0,1.5,1,0.0754,0.5954
20,4x3,likert,ATS,0.05,2,0,1.5,0.9998,0.0838,0.5434
20,4x3,likert,INT,0.05,2,0,1.5,1,0.0794,0.638
20,4x3,likert,PAR,0.01,2,0,1.5,0.9994,0.032,0.4056
20,4x3,likert,RNK,0.01,2,0,1.5,0.9996,0.0244,0.3638
20,4x3,likert,ATS,0.01,2,0,1.5,0.9988,0.0262,0.291
20,4x3,likert,INT,0.01,2,0,1.5,0.9996,0.0238,0.4184
20,4x3,likert,PAR,0.05,4,0,1.5,1,0.1772,0.5316
20,4x3,likert,RNK,0.05,4,0,1.5,1,0.1166,0.4392
20,4x3,likert,ATS,0.05,4,0,1.5,1,0.1216,0.3758
20,4x3,likert,INT,0.05,4,0,1.5,1,0.124,0.5284
20,4x3,likert,PAR,0.01,4,0,1.5,1,0.066,0.3368
20,4x3,likert,RNK,0.01,4,0,1.5,1,0.0388,0.2358
20,4x3,likert,ATS,0.01,4,0,1.5,0.9996,0.0458,0.1766
20,4x3,likert,INT,0.01,4,0,1.5,1,0.0426,0.324
20,4x3,likert,PAR,0.05,8,0,1.5,0.9992,0.1912,0.4468
20,4x3,likert,RNK,0.05,8,0,1.5,0.9994,0.1532,0.3482
20,4x3,likert,ATS,0.05,8,0,1.5,0.9994,0.162,0.2782
20,4x3,likert,INT,0.05,8,0,1.5,0.9996,0.1628,0.4303
20,4x3,likert,PAR,0.01,8,0,1.5,0.999,0.0868,0.2788
20,4x3,likert,RNK,0.01,8,0,1.5,0.9992,0.061,0.1932
20,4x3,likert,ATS,0.01,8,0,1.5,0.9992,0.0639,0.1222
20,4x3,likert,INT,0.01,8,0,1.5,0.9994,0.0716,0.2581
20,2x4,norm,PAR,0.05,0.6,0,0,0.8766,0.0518,0.052
20,2x4,norm,RNK,0.05,0.6,0,0,0.8678,0.0486,0.051
20,2x4,norm,ATS,0.05,0.6,0,0,0.8788,0.0492,0.0514
20,2x4,norm,INT,0.05,0.6,0,0,0.8752,0.0522,0.0546
20,2x4,norm,PAR,0.01,0.6,0,0,0.6886,0.01,0.0096
20,2x4,norm,RNK,0.01,0.6,0,0,0.6772,0.0104,0.01
20,2x4,norm,ATS,0.01,0.6,0,0,0.7184,0.0112,0.0104
20,2x4,norm,INT,0.01,0.6,0,0,0.6844,0.0104,0.01
20,2x4,norm,PAR,0.05,0.6,1,0,0.878,0.9898,0.0488
20,2x4,norm,RNK,0.05,0.6,1,0,0.8662,0.9876,0.0512
20,2x4,norm,ATS,0.05,0.6,1,0,0.88,0.9882,0.0516
20,2x4,norm,INT,0.05,0.6,1,0,0.878,0.9882,0.049
20,2x4,norm,PAR,0.01,0.6,1,0,0.6922,0.9568,0.0092
20,2x4,norm,RNK,0.01,0.6,1,0,0.674,0.9416,0.01
20,2x4,norm,ATS,0.01,0.6,1,0,0.7194,0.9434,0.0106
20,2x4,norm,INT,0.01,0.6,1,0,0.6864,0.9552,0.0088
20,2x4,norm,PAR,0.05,0.6,2,0,0.8756,1,0.0474
20,2x4,norm,RNK,0.05,0.6,2,0,0.8642,1,0.0518
20,2x4,norm,ATS,0.05,0.6,2,0,0.8784,1,0.052
20,2x4,norm,INT,0.05,0.6,2,0,0.8736,1,0.0446
20,2x4,norm,PAR,0.01,0.6,2,0,0.691,1,0.0092
20,2x4,norm,RNK,0.01,0.6,2,0,0.6644,1,0.0116
20,2x4,norm,ATS,0.01,0.6,2,0,0.709,1,0.012
20,2x4,norm,INT,0.01,0.6,2,0,0.6856,1,0.01
20,2x4,norm,PAR,0.05,0.6,4,0,0.8732,1,0.0484
20,2x4,norm,RNK,0.05,0.6,4,0,0.8514,1,0.0728
20,2x4,norm,ATS,0.05,0.6,4,0,0.8666,1,0.069
20,2x4,norm,INT,0.05,0.6,4,0,0.8632,1,0.0522
20,2x4,norm,PAR,0.01,0.6,4,0,0.6898,1,0.01
20,2x4,norm,RNK,0.01,0.6,4,0,0.6568,1,0.0178
20,2x4,norm,ATS,0.01,0.6,4,0,0.7058,1,0.018
20,2x4,norm,INT,0.01,0.6,4,0,0.6706,1,0.0106
20,2x4,norm,PAR,0.05,0.6,8,0,0.8774,1,0.052
20,2x4,norm,RNK,0.05,0.6,8,0,0.8478,1,0.0924
20,2x4,norm,ATS,0.05,0.6,8,0,0.8602,1,0.0834
20,2x4,norm,INT,0.05,0.6,8,0,0.851,1,0.0782
20,2x4,norm,PAR,0.01,0.6,8,0,0.6908,1,0.0106
20,2x4,norm,RNK,0.01,0.6,8,0,0.6432,1,0.0292
20,2x4,norm,ATS,0.01,0.6,8,0,0.6892,1,0.025
20,2x4,norm,INT,0.01,0.6,8,0,0.6432,1,0.023
20,2x4,norm,PAR,0.05,0,0.6,0,0.0466,0.6818,0.0518
20,2x4,norm,RNK,0.05,0,0.6,0,0.047,0.66,0.052
20,2x4,norm,ATS,0.05,0,0.6,0,0.0542,0.6642,0.0536
20,2x4,norm,INT,0.05,0,0.6,0,0.0458,0.6794,0.0496
20,2x4,norm,PAR,0.01,0,0.6,0,0.0092,0.4472,0.0098
20,2x4,norm,RNK,0.01,0,0.6,0,0.0092,0.4156,0.0104
20,2x4,norm,ATS,0.01,0,0.6,0,0.013,0.423,0.0114
20,2x4,norm,INT,0.01,0,0.6,0,0.0092,0.4452,0.0096
20,2x4,norm,PAR,0.05,1,0.6,0,0.999,0.6782,0.0502
20,2x4,norm,RNK,0.05,1,0.6,0,0.9984,0.6492,0.0502
20,2x4,norm,ATS,0.05,1,0.6,0,0.9984,0.6526,0.0508
20,2x4,norm,INT,0.05,1,0.6,0,0.999,0.6742,0.0508
20,2x4,norm,PAR,0.01,1,0.6,0,0.99,0.447,0.01
20,2x4,norm,RNK,0.01,1,0.6,0,0.9886,0.4206,0.009
20,2x4,norm,ATS,0.01,1,0.6,0,0.9928,0.4256,0.0094
20,2x4,norm,INT,0.01,1,0.6,0,0.9898,0.4488,0.0088
20,2x4,norm,PAR,0.05,2,0.6,0,1,0.6888,0.0484
20,2x4,norm,RNK,0.05,2,0.6,0,1,0.657,0.0466
20,2x4,norm,ATS,0.05,2,0.6,0,1,0.657,0.0456
20,2x4,norm,INT,0.05,2,0.6,0,1,0.6758,0.0436
20,2x4,norm,PAR,0.01,2,0.6,0,1,0.4562,0.0098
20,2x4,norm,RNK,0.01,2,0.6,0,1,0.4282,0.01
20,2x4,norm,ATS,0.01,2,0.6,0,1,0.4306,0.0092
20,2x4,norm,INT,0.01,2,0.6,0,1,0.4418,0.01
20,2x4,norm,PAR,0.05,4,0.6,0,1,0.6876,0.0498
20,2x4,norm,RNK,0.05,4,0.6,0,1,0.6718,0.0538
20,2x4,norm,ATS,0.05,4,0.6,0,1,0.673,0.0548
20,2x4,norm,INT,0.05,4,0.6,0,1,0.6566,0.0474
20,2x4,norm,PAR,0.01,4,0.6,0,1,0.458,0.0102
20,2x4,norm,RNK,0.01,4,0.6,0,1,0.4392,0.0104
20,2x4,norm,ATS,0.01,4,0.6,0,1,0.4458,0.0112
20,2x4,norm,INT,0.01,4,0.6,0,1,0.4148,0.0082
20,2x4,norm,PAR,0.05,8,0.6,0,1,0.6964,0.0518
20,2x4,norm,RNK,0.05,8,0.6,0,1,0.666,0.0476
20,2x4,norm,ATS,0.05,8,0.6,0,1,0.6694,0.0484
20,2x4,norm,INT,0.05,8,0.6,0,1,0.6496,0.0464
20,2x4,norm,PAR,0.01,8,0.6,0,1,0.4506,0.0098
20,2x4,norm,RNK,0.01,8,0.6,0,1,0.423,0.0098
20,2x4,norm,ATS,0.01,8,0.6,0,1,0.4316,0.0108
20,2x4,norm,INT,0.01,8,0.6,0,1,0.3996,0.0098
20,2x4,norm,PAR,0.05,0,0,1.5,0.049,0.0462,0.8724
20,2x4,norm,RNK,0.05,0,0,1.5,0.0502,0.0476,0.8522
20,2x4,norm,ATS,0.05,0,0,1.5,0.0586,0.0506,0.8544
20,2x4,norm,INT,0.05,0,0,1.5,0.0476,0.045,0.87
20,2x4,norm,PAR,0.01,0,0,1.5,0.0078,0.0084,0.7026
20,2x4,norm,RNK,0.01,0,0,1.5,0.0082,0.0072,0.6776
20,2x4,norm,ATS,0.01,0,0,1.5,0.0136,0.0076,0.6836
20,2x4,norm,INT,0.01,0,0,1.5,0.0084,0.0076,0.7004
20,2x4,norm,PAR,0.05,0,1,1.5,0.0484,0.9896,0.8776
20,2x4,norm,RNK,0.05,0,1,1.5,0.048,0.9826,0.841
20,2x4,norm,ATS,0.05,0,1,1.5,0.0544,0.9826,0.843
20,2x4,norm,INT,0.05,0,1,1.5,0.0454,0.9882,0.8716
20,2x4,norm,PAR,0.01,0,1,1.5,0.0122,0.9566,0.7094
20,2x4,norm,RNK,0.01,0,1,1.5,0.0122,0.9354,0.6532
20,2x4,norm,ATS,0.01,0,1,1.5,0.0156,0.9368,0.6594
20,2x4,norm,INT,0.01,0,1,1.5,0.0112,0.953,0.6988
20,2x4,norm,PAR,0.05,0,2,1.5,0.0518,1,0.8868
20,2x4,norm,RNK,0.05,0,2,1.5,0.0554,1,0.8032
20,2x4,norm,ATS,0.05,0,2,1.5,0.0617,1,0.8008
20,2x4,norm,INT,0.05,0,2,1.5,0.0468,1,0.8706
20,2x4,norm,PAR,0.01,0,2,1.5,0.0108,1,0.7274
20,2x4,norm,RNK,0.01,0,2,1.5,0.0156,1,0.5704
20,2x4,norm,ATS,0.01,0,2,1.5,0.0208,1,0.5698
20,2x4,norm,INT,0.01,0,2,1.5,0.0106,1,0.6948
20,2x4,norm,PAR,0.05,0,4,1.5,0.0528,1,0.8752
20,2x4,norm,RNK,0.05,0,4,1.5,0.0828,1,0.6726
20,2x4,norm,ATS,0.05,0,4,1.5,0.093,1,0.6636
20,2x4,norm,INT,0.05,0,4,1.5,0.0544,1,0.8418
20,2x4,norm,PAR,0.01,0,4,1.5,0.008,1,0.71
20,2x4,norm,RNK,0.01,0,4,1.5,0.0226,1,0.4324
20,2x4,norm,ATS,0.01,0,4,1.5,0.0292,1,0.4218
20,2x4,norm,INT,0.01,0,4,1.5,0.0116,1,0.6346
20,2x4,norm,PAR,0.05,0,8,1.5,0.0498,1,0.883
20,2x4,norm,RNK,0.05,0,8,1.5,0.0992,1,0.6696
20,2x4,norm,ATS,0.05,0,8,1.5,0.1129,1,0.6558
20,2x4,norm,INT,0.05,0,8,1.5,0.0546,1,0.8584
20,2x4,norm,PAR,0.01,0,8,1.5,0.0102,1,0.7148
20,2x4,norm,RNK,0.01,0,8,1.5,0.031,1,0.4374
20,2x4,norm,ATS,0.01,0,8,1.5,0.0372,1,0.4152
20,2x4,norm,INT,0.01,0,8,1.5,0.0106,1,0.6864
20,2x4,norm,PAR,0.05,0,0,1.5,0.0518,0.0476,0.8806
20,2x4,norm,RNK,0.05,0,0,1.5,0.0506,0.0452,0.8546
20,2x4,norm,ATS,0.05,0,0,1.5,0.0583,0.0458,0.8568
20,2x4,norm,INT,0.05,0,0,1.5,0.0518,0.0472,0.8778
20,2x4,norm,PAR,0.01,0,0,1.5,0.0092,0.007,0.704
20,2x4,norm,RNK,0.01,0,0,1.5,0.0086,0.0084,0.679
20,2x4,norm,ATS,0.01,0,0,1.5,0.0118,0.009,0.685
20,2x4,norm,INT,0.01,0,0,1.5,0.0082,0.0076,0.6968
20,2x4,norm,PAR,0.05,1,0,1.5,0.998,0.049,0.8774
20,2x4,norm,RNK,0.05,1,0,1.5,0.9982,0.0512,0.8576
20,2x4,norm,ATS,0.05,1,0,1.5,0.9982,0.052,0.8586
20,2x4,norm,INT,0.05,1,0,1.5,0.998,0.0474,0.8704
20,2x4,norm,PAR,0.01,1,0,1.5,0.9886,0.0108,0.7066
20,2x4,norm,RNK,0.01,1,0,1.5,0.9854,0.0092,0.6734
20,2x4,norm,ATS,0.01,1,0,1.5,0.9896,0.011,0.6786
20,2x4,norm,INT,0.01,1,0,1.5,0.9878,0.0112,0.6952
20,2x4,norm,PAR,0.05,2,0,1.5,1,0.0446,0.8756
20,2x4,norm,RNK,0.05,2,0,1.5,1,0.0456,0.8512
20,2x4,norm,ATS,0.05,2,0,1.5,1,0.0456,0.8518
20,2x4,norm,INT,0.05,2,0,1.5,1,0.043,0.8704
20,2x4,norm,PAR,0.01,2,0,1.5,1,0.0082,0.706
20,2x4,norm,RNK,0.01,2,0,1.5,1,0.0086,0.6728
20,2x4,norm,ATS,0.01,2,0,1.5,1,0.0092,0.6768
20,2x4,norm,INT,0.01,2,0,1.5,1,0.0072,0.6954
20,2x4,norm,PAR,0.05,4,0,1.5,1,0.0496,0.8738
20,2x4,norm,RNK,0.05,4,0,1.5,1,0.0492,0.858
20,2x4,norm,ATS,0.05,4,0,1.5,1,0.0488,0.8606
20,2x4,norm,INT,0.05,4,0,1.5,1,0.047,0.8424
20,2x4,norm,PAR,0.01,4,0,1.5,1,0.0114,0.7092
20,2x4,norm,RNK,0.01,4,0,1.5,1,0.0094,0.6804
20,2x4,norm,ATS,0.01,4,0,1.5,1,0.0108,0.6868
20,2x4,norm,INT,0.01,4,0,1.5,1,0.0104,0.659
20,2x4,norm,PAR,0.05,8,0,1.5,1,0.0492,0.8814
20,2x4,norm,RNK,0.05,8,0,1.5,1,0.0474,0.863
20,2x4,norm,ATS,0.05,8,0,1.5,1,0.0492,0.8648
20,2x4,norm,INT,0.05,8,0,1.5,1,0.0452,0.8436
20,2x4,norm,PAR,0.01,8,0,1.5,1,0.01,0.719
20,2x4,norm,RNK,0.01,8,0,1.5,1,0.0082,0.6798
20,2x4,norm,ATS,0.01,8,0,1.5,1,0.0088,0.6864
20,2x4,norm,INT,0.01,8,0,1.5,1,0.01,0.6556
20,2x4,lnorm,PAR,0.05,0.6,0,0,0.7204,0.0384,0.0442
20,2x4,lnorm,RNK,0.05,0.6,0,0,0.8646,0.0496,0.0506
20,2x4,lnorm,ATS,0.05,0.6,0,0,0.8774,0.0508,0.0516
20,2x4,lnorm,INT,0.05,0.6,0,0,0.8718,0.0468,0.053
20,2x4,lnorm,PAR,0.01,0.6,0,0,0.4286,0.0058,0.008
20,2x4,lnorm,RNK,0.01,0.6,0,0,0.6776,0.0094,0.009
20,2x4,lnorm,ATS,0.01,0.6,0,0,0.7202,0.01,0.0094
20,2x4,lnorm,INT,0.01,0.6,0,0,0.6882,0.0076,0.0092
20,2x4,lnorm,PAR,0.05,0.6,1,0,0.662,0.831,0.0906
20,2x4,lnorm,RNK,0.05,0.6,1,0,0.8502,0.9846,0.0494
20,2x4,lnorm,ATS,0.05,0.6,1,0,0.8626,0.9848,0.05
20,2x4,lnorm,INT,0.05,0.6,1,0,0.859,0.9884,0.0484
20,2x4,lnorm,PAR,0.01,0.6,1,0,0.383,0.6094,0.0272
20,2x4,lnorm,RNK,0.01,0.6,1,0,0.661,0.9412,0.01
20,2x4,lnorm,ATS,0.01,0.6,1,0,0.7094,0.9436,0.0108
20,2x4,lnorm,INT,0.01,0.6,1,0,0.674,0.9532,0.0078
20,2x4,lnorm,PAR,0.05,0.6,2,0,0.603,0.9946,0.2118
20,2x4,lnorm,RNK,0.05,0.6,2,0,0.8598,1,0.063
20,2x4,lnorm,ATS,0.05,0.6,2,0,0.8736,1,0.0622
20,2x4,lnorm,INT,0.05,0.6,2,0,0.8736,1,0.0514
20,2x4,lnorm,PAR,0.01,0.6,2,0,0.3178,0.971,0.0904
20,2x4,lnorm,RNK,0.01,0.6,2,0,0.672,1,0.014
20,2x4,lnorm,ATS,0.01,0.6,2,0,0.7168,1,0.0144
20,2x4,lnorm,INT,0.01,0.6,2,0,0.6864,1,0.009
20,2x4,lnorm,PAR,0.05,0.6,4,0,0.462,0.9978,0.3386
20,2x4,lnorm,RNK,0.05,0.6,4,0,0.851,1,0.0702
20,2x4,lnorm,ATS,0.05,0.6,4,0,0.865,1,0.0684
20,2x4,lnorm,INT,0.05,0.6,4,0,0.8584,1,0.0554
20,2x4,lnorm,PAR,0.01,0.6,4,0,0.1926,0.9946,0.1856
20,2x4,lnorm,RNK,0.01,0.6,4,0,0.6576,1,0.0168
20,2x4,lnorm,ATS,0.01,0.6,4,0,0.7006,1,0.0158
20,2x4,lnorm,INT,0.01,0.6,4,0,0.672,1,0.0122
20,2x4,lnorm,PAR,0.05,0.6,8,0,0.3616,0.9998,0.3872
20,2x4,lnorm,RNK,0.05,0.6,8,0,0.8498,1,0.0926
20,2x4,lnorm,ATS,0.05,0.6,8,0,0.8652,1,0.0872
20,2x4,lnorm,INT,0.05,0.6,8,0,0.8408,1,0.078
20,2x4,lnorm,PAR,0.01,0.6,8,0,0.1292,0.9966,0.2304
20,2x4,lnorm,RNK,0.01,0.6,8,0,0.6578,1,0.0264
20,2x4,lnorm,ATS,0.01,0.6,8,0,0.7014,1,0.0238
20,2x4,lnorm,INT,0.01,0.6,8,0,0.646,1,0.0198
20,2x4,lnorm,PAR,0.05,0,0.6,0,0.0396,0.4194,0.0458
20,2x4,lnorm,RNK,0.05,0,0.6,0,0.0498,0.6664,0.0558
20,2x4,lnorm,ATS,0.05,0,0.6,0,0.056,0.6712,0.056
20,2x4,lnorm,INT,0.05,0,0.6,0,0.0478,0.6796,0.0522
20,2x4,lnorm,PAR,0.01,0,0.6,0,0.0048,0.1924,0.0078
20,2x4,lnorm,RNK,0.01,0,0.6,0,0.0074,0.4236,0.0098
20,2x4,lnorm,ATS,0.01,0,0.6,0,0.0098,0.432,0.0106
20,2x4,lnorm,INT,0.01,0,0.6,0,0.0068,0.4396,0.008
20,2x4,lnorm,PAR,0.05,1,0.6,0,0.9726,0.3612,0.085
20,2x4,lnorm,RNK,0.05,1,0.6,0,0.9972,0.6742,0.0502
20,2x4,lnorm,ATS,0.05,1,0.6,0,0.9982,0.6756,0.051
20,2x4,lnorm,INT,0.05,1,0.6,0,0.9988,0.693,0.0486
20,2x4,lnorm,PAR,0.01,1,0.6,0,0.8738,0.1538,0.0244
20,2x4,lnorm,RNK,0.01,1,0.6,0,0.9864,0.4224,0.009
20,2x4,lnorm,ATS,0.01,1,0.6,0,0.9902,0.4262,0.0094
20,2x4,lnorm,INT,0.01,1,0.6,0,0.9886,0.443,0.0104
20,2x4,lnorm,PAR,0.05,2,0.6,0,0.9988,0.2842,0.152
20,2x4,lnorm,RNK,0.05,2,0.6,0,1,0.6512,0.044
20,2x4,lnorm,ATS,0.05,2,0.6,0,1,0.6546,0.0442
20,2x4,lnorm,INT,0.05,2,0.6,0,1,0.6766,0.0412
20,2x4,lnorm,PAR,0.01,2,0.6,0,0.9906,0.1066,0.0472
20,2x4,lnorm,RNK,0.01,2,0.6,0,1,0.4232,0.0102
20,2x4,lnorm,ATS,0.01,2,0.6,0,1,0.4272,0.0098
20,2x4,lnorm,INT,0.01,2,0.6,0,1,0.4398,0.0088
20,2x4,lnorm,PAR,0.05,4,0.6,0,0.9994,0.2282,0.2108
20,2x4,lnorm,RNK,0.05,4,0.6,0,1,0.662,0.0478
20,2x4,lnorm,ATS,0.05,4,0.6,0,1,0.6648,0.0482
20,2x4,lnorm,INT,0.05,4,0.6,0,1,0.6436,0.0486
20,2x4,lnorm,PAR,0.01,4,0.6,0,0.9946,0.0846,0.0728
20,2x4,lnorm,RNK,0.01,4,0.6,0,1,0.4338,0.0096
20,2x4,lnorm,ATS,0.01,4,0.6,0,1,0.4382,0.0102
20,2x4,lnorm,INT,0.01,4,0.6,0,1,0.4074,0.0096
20,2x4,lnorm,PAR,0.05,8,0.6,0,0.9992,0.2176,0.2174
20,2x4,lnorm,RNK,0.05,8,0.6,0,1,0.6532,0.0504
20,2x4,lnorm,ATS,0.05,8,0.6,0,1,0.6578,0.0514
20,2x4,lnorm,INT,0.05,8,0.6,0,1,0.6364,0.0468
20,2x4,lnorm,PAR,0.01,8,0.6,0,0.9954,0.0784,0.0784
20,2x4,lnorm,RNK,0.01,8,0.6,0,1,0.42,0.0096
20,2x4,lnorm,ATS,0.01,8,0.6,0,1,0.4278,0.0104
20,2x4,lnorm,INT,0.01,8,0.6,0,1,0.397,0.0086
20,2x4,lnorm,PAR,0.05,0,0,1.5,0.0406,0.0488,0.6144
20,2x4,lnorm,RNK,0.05,0,0,1.5,0.0476,0.0482,0.8672
20,2x4,lnorm,ATS,0.05,0,0,1.5,0.053,0.05,0.8694
20,2x4,lnorm,INT,0.05,0,0,1.5,0.0476,0.0488,0.883
20,2x4,lnorm,PAR,0.01,0,0,1.5,0.0058,0.0084,0.3642
20,2x4,lnorm,RNK,0.01,0,0,1.5,0.0106,0.0088,0.6788
20,2x4,lnorm,ATS,0.01,0,0,1.5,0.0144,0.0098,0.688
20,2x4,lnorm,INT,0.01,0,0,1.5,0.0116,0.0104,0.7022
20,2x4,lnorm,PAR,0.05,0,1,1.5,0.1344,0.821,0.5974
20,2x4,lnorm,RNK,0.05,0,1,1.5,0.0528,0.9812,0.8414
20,2x4,lnorm,ATS,0.05,0,1,1.5,0.061,0.9814,0.8422
20,2x4,lnorm,INT,0.05,0,1,1.5,0.0508,0.9886,0.873
20,2x4,lnorm,PAR,0.01,0,1,1.5,0.0306,0.6144,0.3594
20,2x4,lnorm,RNK,0.01,0,1,1.5,0.0116,0.9334,0.6554
20,2x4,lnorm,ATS,0.01,0,1,1.5,0.0168,0.9368,0.6628
20,2x4,lnorm,INT,0.01,0,1,1.5,0.01,0.9504,0.7062
20,2x4,lnorm,PAR,0.05,0,2,1.5,0.2806,0.9952,0.5428
20,2x4,lnorm,RNK,0.05,0,2,1.5,0.0524,1,0.7854
20,2x4,lnorm,ATS,0.05,0,2,1.5,0.0608,1,0.7844
20,2x4,lnorm,INT,0.05,0,2,1.5,0.0486,1,0.8564
20,2x4,lnorm,PAR,0.01,0,2,1.5,0.0866,0.9728,0.348
20,2x4,lnorm,RNK,0.01,0,2,1.5,0.0118,1,0.5624
20,2x4,lnorm,ATS,0.01,0,2,1.5,0.016,1,0.5636
20,2x4,lnorm,INT,0.01,0,2,1.5,0.0088,1,0.6854
20,2x4,lnorm,PAR,0.05,0,4,1.5,0.4304,0.999,0.536
20,2x4,lnorm,RNK,0.05,0,4,1.5,0.0814,1,0.67
20,2x4,lnorm,ATS,0.05,0,4,1.5,0.0881,1,0.6568
20,2x4,lnorm,INT,0.05,0,4,1.5,0.0522,1,0.8336
20,2x4,lnorm,PAR,0.01,0,4,1.5,0.1824,0.995,0.3614
20,2x4,lnorm,RNK,0.01,0,4,1.5,0.0252,1,0.4304
20,2x4,lnorm,ATS,0.01,0,4,1.5,0.0314,1,0.4188
20,2x4,lnorm,INT,0.01,0,4,1.5,0.0102,1,0.6404
20,2x4,lnorm,PAR,0.05,0,8,1.5,0.465,0.9996,0.5434
20,2x4,lnorm,RNK,0.05,0,8,1.5,0.1006,1,0.6694
20,2x4,lnorm,ATS,0.05,0,8,1.5,0.112,1,0.649
20,2x4,lnorm,INT,0.05,0,8,1.5,0.0506,1,0.8464
20,2x4,lnorm,PAR,0.01,0,8,1.5,0.2008,0.9968,0.3948
20,2x4,lnorm,RNK,0.01,0,8,1.5,0.0264,1,0.439
20,2x4,lnorm,ATS,0.01,0,8,1.5,0.0342,1,0.4172
20,2x4,lnorm,INT,0.01,0,8,1.5,0.0118,1,0.6802
20,2x4,lnorm,PAR,0.05,0,0,1.5,0.0396,0.046,0.6366
20,2x4,lnorm,RNK,0.05,0,0,1.5,0.0448,0.0506,0.8598
20,2x4,lnorm,ATS,0.05,0,0,1.5,0.0512,0.0518,0.8628
20,2x4,lnorm,INT,0.05,0,0,1.5,0.0462,0.0472,0.8766
20,2x4,lnorm,PAR,0.01,0,0,1.5,0.006,0.0058,0.3602
20,2x4,lnorm,RNK,0.01,0,0,1.5,0.0088,0.009,0.6826
20,2x4,lnorm,ATS,0.01,0,0,1.5,0.0128,0.011,0.6894
20,2x4,lnorm,INT,0.01,0,0,1.5,0.0086,0.0086,0.7004
20,2x4,lnorm,PAR,0.05,1,0,1.5,0.968,0.119,0.559
20,2x4,lnorm,RNK,0.05,1,0,1.5,0.9976,0.047,0.8688
20,2x4,lnorm,ATS,0.05,1,0,1.5,0.998,0.048,0.8682
20,2x4,lnorm,INT,0.05,1,0,1.5,0.9978,0.0466,0.8796
20,2x4,lnorm,PAR,0.01,1,0,1.5,0.866,0.0312,0.2926
20,2x4,lnorm,RNK,0.01,1,0,1.5,0.987,0.0092,0.68
20,2x4,lnorm,ATS,0.01,1,0,1.5,0.9904,0.0102,0.684
20,2x4,lnorm,INT,0.01,1,0,1.5,0.9872,0.0084,0.7136
20,2x4,lnorm,PAR,0.05,2,0,1.5,0.9992,0.2408,0.435
20,2x4,lnorm,RNK,0.05,2,0,1.5,1,0.0452,0.8444
20,2x4,lnorm,ATS,0.05,2,0,1.5,1,0.0446,0.846
20,2x4,lnorm,INT,0.05,2,0,1.5,1,0.0448,0.8608
20,2x4,lnorm,PAR,0.01,2,0,1.5,0.9924,0.082,0.2126
20,2x4,lnorm,RNK,0.01,2,0,1.5,1,0.009,0.6566
20,2x4,lnorm,ATS,0.01,2,0,1.5,1,0.0084,0.6578
20,2x4,lnorm,INT,0.01,2,0,1.5,1,0.0086,0.6794
20,2x4,lnorm,PAR,0.05,4,0,1.5,0.9994,0.3192,0.3462
20,2x4,lnorm,RNK,0.05,4,0,1.5,1,0.0468,0.8546
20,2x4,lnorm,ATS,0.05,4,0,1.5,1,0.0476,0.855
20,2x4,lnorm,INT,0.05,4,0,1.5,1,0.0432,0.8464
20,2x4,lnorm,PAR,0.01,4,0,1.5,0.9962,0.1248,0.1444
20,2x4,lnorm,RNK,0.01,4,0,1.5,1,0.0092,0.684
20,2x4,lnorm,ATS,0.01,4,0,1.5,1,0.009,0.6904
20,2x4,lnorm,INT,0.01,4,0,1.5,1,0.0092,0.6558
20,2x4,lnorm,PAR,0.05,8,0,1.5,0.9996,0.3322,0.3328
20,2x4,lnorm,RNK,0.05,8,0,1.5,1,0.0514,0.8532
20,2x4,lnorm,ATS,0.05,8,0,1.5,1,0.0518,0.8554
20,2x4,lnorm,INT,0.05,8,0,1.5,1,0.045,0.834
20,2x4,lnorm,PAR,0.01,8,0,1.5,0.9966,0.1342,0.1348
20,2x4,lnorm,RNK,0.01,8,0,1.5,1,0.0102,0.6646
20,2x4,lnorm,ATS,0.01,8,0,1.5,1,0.0114,0.6726
20,2x4,lnorm,INT,0.01,8,0,1.5,1,0.009,0.6426
20,2x4,exp,PAR,0.05,0.6,0,0,0.8334,0.049,0.0494
20,2x4,exp,RNK,0.05,0.6,0,0,0.7878,0.0486,0.054
20,2x4,exp,ATS,0.05,0.6,0,0,0.808,0.049,0.0548
20,2x4,exp,INT,0.05,0.6,0,0,0.806,0.0484,0.0562
20,2x4,exp,PAR,0.01,0.6,0,0,0.6124,0.0098,0.0098
20,2x4,exp,RNK,0.01,0.6,0,0,0.5752,0.0112,0.0122
20,2x4,exp,ATS,0.01,0.6,0,0,0.6242,0.012,0.013
20,2x4,exp,INT,0.01,0.6,0,0,0.587,0.0102,0.0112
20,2x4,exp,PAR,0.05,0.6,1,0,0.7968,0.9554,0.1468
20,2x4,exp,RNK,0.05,0.6,1,0,0.7802,0.9468,0.0518
20,2x4,exp,ATS,0.05,0.6,1,0,0.797,0.9474,0.0534
20,2x4,exp,INT,0.05,0.6,1,0,0.792,0.9532,0.0558
20,2x4,exp,PAR,0.01,0.6,1,0,0.5504,0.8464,0.0506
20,2x4,exp,RNK,0.01,0.6,1,0,0.5576,0.8432,0.0108
20,2x4,exp,ATS,0.01,0.6,1,0,0.6008,0.8456,0.011
20,2x4,exp,INT,0.01,0.6,1,0,0.5692,0.8552,0.0124
20,2x4,exp,PAR,0.05,0.6,2,0,0.7168,1,0.2832
20,2x4,exp,RNK,0.05,0.6,2,0,0.7734,1,0.0548
20,2x4,exp,ATS,0.05,0.6,2,0,0.7934,1,0.0544
20,2x4,exp,INT,0.05,0.6,2,0,0.783,1,0.0556
20,2x4,exp,PAR,0.01,0.6,2,0,0.4386,0.9998,0.133
20,2x4,exp,RNK,0.01,0.6,2,0,0.5356,1,0.0124
20,2x4,exp,ATS,0.01,0.6,2,0,0.5792,1,0.0126
20,2x4,exp,INT,0.01,0.6,2,0,0.5398,1,0.0108
20,2x4,exp,PAR,0.05,0.6,4,0,0.5742,1,0.4304
20,2x4,exp,RNK,0.05,0.6,4,0,0.7488,1,0.0666
20,2x4,exp,ATS,0.05,0.6,4,0,0.77,1,0.063
20,2x4,exp,INT,0.05,0.6,4,0,0.7624,1,0.0562
20,2x4,exp,PAR,0.01,0.6,4,0,0.2928,0.9998,0.257
20,2x4,exp,RNK,0.01,0.6,4,0,0.5126,1,0.0184
20,2x4,exp,ATS,0.01,0.6,4,0,0.5608,1,0.0168
20,2x4,exp,INT,0.01,0.6,4,0,0.5272,1,0.0112
20,2x4,exp,PAR,0.05,0.6,8,0,0.4676,1,0.484
20,2x4,exp,RNK,0.05,0.6,8,0,0.7438,1,0.0798
20,2x4,exp,ATS,0.05,0.6,8,0,0.7616,1,0.0742
20,2x4,exp,INT,0.05,0.6,8,0,0.7394,1,0.0728
20,2x4,exp,PAR,0.01,0.6,8,0,0.1988,1,0.3158
20,2x4,exp,RNK,0.01,0.6,8,0,0.5122,1,0.0226
20,2x4,exp,ATS,0.01,0.6,8,0,0.5616,1,0.0196
20,2x4,exp,INT,0.01,0.6,8,0,0.5146,1,0.0184
20,2x4,exp,PAR,0.05,0,0.6,0,0.0478,0.6106,0.0614
20,2x4,exp,RNK,0.05,0,0.6,0,0.0526,0.5356,0.0486
20,2x4,exp,ATS,0.05,0,0.6,0,0.0596,0.5386,0.0496
20,2x4,exp,INT,0.05,0,0.6,0,0.0508,0.5582,0.0538
20,2x4,exp,PAR,0.01,0,0.6,0,0.0098,0.3474,0.0136
20,2x4,exp,RNK,0.01,0,0.6,0,0.0106,0.3018,0.0112
20,2x4,exp,ATS,0.01,0,0.6,0,0.0154,0.3094,0.0126
20,2x4,exp,INT,0.01,0,0.6,0,0.0106,0.3192,0.0112
20,2x4,exp,PAR,0.05,1,0.6,0,0.9954,0.5312,0.1232
20,2x4,exp,RNK,0.05,1,0.6,0,0.9938,0.525,0.0442
20,2x4,exp,ATS,0.05,1,0.6,0,0.9944,0.5268,0.0454
20,2x4,exp,INT,0.05,1,0.6,0,0.9944,0.5466,0.0488
20,2x4,exp,PAR,0.01,1,0.6,0,0.9586,0.284,0.0352
20,2x4,exp,RNK,0.01,1,0.6,0,0.9624,0.2834,0.009
20,2x4,exp,ATS,0.01,1,0.6,0,0.9734,0.2892,0.0096
20,2x4,exp,INT,0.01,1,0.6,0,0.9666,0.2994,0.0086
20,2x4,exp,PAR,0.05,2,0.6,0,1,0.3948,0.2296
20,2x4,exp,RNK,0.05,2,0.6,0,1,0.4966,0.0426
20,2x4,exp,ATS,0.05,2,0.6,0,1,0.497,0.042
20,2x4,exp,INT,0.05,2,0.6,0,1,0.5114,0.049
20,2x4,exp,PAR,0.01,2,0.6,0,0.9998,0.1856,0.0778
20,2x4,exp,RNK,0.01,2,0.6,0,1,0.2556,0.0104
20,2x4,exp,ATS,0.01,2,0.6,0,1,0.2596,0.0104
20,2x4,exp,INT,0.01,2,0.6,0,1,0.2744,0.0112
20,2x4,exp,PAR,0.05,4,0.6,0,1,0.329,0.302
20,2x4,exp,RNK,0.05,4,0.6,0,1,0.5238,0.0446
20,2x4,exp,ATS,0.05,4,0.6,0,1,0.5234,0.0448
20,2x4,exp,INT,0.05,4,0.6,0,1,0.5242,0.0424
20,2x4,exp,PAR,0.01,4,0.6,0,1,0.1372,0.1226
20,2x4,exp,RNK,0.01,4,0.6,0,1,0.2812,0.0078
20,2x4,exp,ATS,0.01,4,0.6,0,1,0.2828,0.0078
20,2x4,exp,INT,0.01,4,0.6,0,1,0.2812,0.0064
20,2x4,exp,PAR,0.05,8,0.6,0,1,0.3232,0.3226
20,2x4,exp,RNK,0.05,8,0.6,0,1,0.5374,0.0484
20,2x4,exp,ATS,0.05,8,0.6,0,1,0.5406,0.0494
20,2x4,exp,INT,0.05,8,0.6,0,1,0.519,0.0516
20,2x4,exp,PAR,0.01,8,0.6,0,0.9998,0.1308,0.1306
20,2x4,exp,RNK,0.01,8,0.6,0,1,0.3072,0.0094
20,2x4,exp,ATS,0.01,8,0.6,0,1,0.3142,0.0098
20,2x4,exp,INT,0.01,8,0.6,0,1,0.2874,0.011
20,2x4,exp,PAR,0.05,0,0,1.5,0.0472,0.0604,0.8112
20,2x4,exp,RNK,0.05,0,0,1.5,0.0522,0.051,0.7382
20,2x4,exp,ATS,0.05,0,0,1.5,0.0606,0.0522,0.7386
20,2x4,exp,INT,0.05,0,0,1.5,0.05,0.0516,0.755
20,2x4,exp,PAR,0.01,0,0,1.5,0.0096,0.0144,0.5844
20,2x4,exp,RNK,0.01,0,0,1.5,0.0098,0.0096,0.5218
20,2x4,exp,ATS,0.01,0,0,1.5,0.0134,0.011,0.532
20,2x4,exp,INT,0.01,0,0,1.5,0.0106,0.0102,0.5392
20,2x4,exp,PAR,0.05,0,1,1.5,0.163,0.9476,0.7412
20,2x4,exp,RNK,0.05,0,1,1.5,0.049,0.939,0.7124
20,2x4,exp,ATS,0.05,0,1,1.5,0.0556,0.939,0.714
20,2x4,exp,INT,0.05,0,1,1.5,0.0516,0.948,0.743
20,2x4,exp,PAR,0.01,0,1,1.5,0.0436,0.8236,0.5228
20,2x4,exp,RNK,0.01,0,1,1.5,0.0096,0.8164,0.4894
20,2x4,exp,ATS,0.01,0,1,1.5,0.0134,0.8192,0.495
20,2x4,exp,INT,0.01,0,1,1.5,0.011,0.839,0.5208
20,2x4,exp,PAR,0.05,0,2,1.5,0.3624,1,0.6614
20,2x4,exp,RNK,0.05,0,2,1.5,0.0516,1,0.6456
20,2x4,exp,ATS,0.05,0,2,1.5,0.059,1,0.642
20,2x4,exp,INT,0.05,0,2,1.5,0.0544,1,0.7128
20,2x4,exp,PAR,0.01,0,2,1.5,0.1364,0.9986,0.4738
20,2x4,exp,RNK,0.01,0,2,1.5,0.0114,1,0.394
20,2x4,exp,ATS,0.01,0,2,1.5,0.0144,1,0.3932
20,2x4,exp,INT,0.01,0,2,1.5,0.0106,1,0.4704
20,2x4,exp,PAR,0.05,0,4,1.5,0.5308,1,0.617
20,2x4,exp,RNK,0.05,0,4,1.5,0.0752,1,0.5138
20,2x4,exp,ATS,0.05,0,4,1.5,0.0852,1,0.503
20,2x4,exp,INT,0.05,0,4,1.5,0.0604,1,0.6744
20,2x4,exp,PAR,0.01,0,4,1.5,0.2446,0.9994,0.4506
20,2x4,exp,RNK,0.01,0,4,1.5,0.0186,1,0.287
20,2x4,exp,ATS,0.01,0,4,1.5,0.0248,1,0.2788
20,2x4,exp,INT,0.01,0,4,1.5,0.0116,1,0.4278
20,2x4,exp,PAR,0.05,0,8,1.5,0.5634,1,0.6336
20,2x4,exp,RNK,0.05,0,8,1.5,0.0834,1,0.5132
20,2x4,exp,ATS,0.05,0,8,1.5,0.0916,1,0.4944
20,2x4,exp,INT,0.05,0,8,1.5,0.0518,1,0.7018
20,2x4,exp,PAR,0.01,0,8,1.5,0.2638,1,0.4746
20,2x4,exp,RNK,0.01,0,8,1.5,0.0184,1,0.2854
20,2x4,exp,ATS,0.01,0,8,1.5,0.0266,1,0.2684
20,2x4,exp,INT,0.01,0,8,1.5,0.0086,1,0.4748
20,2x4,exp,PAR,0.05,0,0,1.5,0.0448,0.0518,0.8172
20,2x4,exp,RNK,0.05,0,0,1.5,0.0426,0.0532,0.754
20,2x4,exp,ATS,0.05,0,0,1.5,0.0544,0.0538,0.7556
20,2x4,exp,INT,0.05,0,0,1.5,0.0444,0.0484,0.7708
20,2x4,exp,PAR,0.01,0,0,1.5,0.0066,0.0108,0.5976
20,2x4,exp,RNK,0.01,0,0,1.5,0.009,0.0092,0.5232
20,2x4,exp,ATS,0.01,0,0,1.5,0.012,0.0102,0.5312
20,2x4,exp,INT,0.01,0,0,1.5,0.0084,0.0104,0.5428
20,2x4,exp,PAR,0.05,1,0,1.5,0.9934,0.1718,0.7298
20,2x4,exp,RNK,0.05,1,0,1.5,0.992,0.048,0.7224
20,2x4,exp,ATS,0.05,1,0,1.5,0.9932,0.0488,0.724
20,2x4,exp,INT,0.05,1,0,1.5,0.9938,0.0466,0.7444
20,2x4,exp,PAR,0.01,1,0,1.5,0.9534,0.057,0.465
20,2x4,exp,RNK,0.01,1,0,1.5,0.96,0.0106,0.4886
20,2x4,exp,ATS,0.01,1,0,1.5,0.97,0.011,0.4956
20,2x4,exp,INT,0.01,1,0,1.5,0.963,0.0098,0.5068
20,2x4,exp,PAR,0.05,2,0,1.5,1,0.3468,0.5886
20,2x4,exp,RNK,0.05,2,0,1.5,1,0.0484,0.698
20,2x4,exp,ATS,0.05,2,0,1.5,1,0.0476,0.6982
20,2x4,exp,INT,0.05,2,0,1.5,1,0.0544,0.7192
20,2x4,exp,PAR,0.01,2,0,1.5,1,0.1498,0.3288
20,2x4,exp,RNK,0.01,2,0,1.5,1,0.011,0.4578
20,2x4,exp,ATS,0.01,2,0,1.5,1,0.0106,0.4618
20,2x4,exp,INT,0.01,2,0,1.5,1,0.0112,0.4806
20,2x4,exp,PAR,0.05,4,0,1.5,1,0.44,0.4772
20,2x4,exp,RNK,0.05,4,0,1.5,1,0.052,0.7156
20,2x4,exp,ATS,0.05,4,0,1.5,1,0.0514,0.7156
20,2x4,exp,INT,0.05,4,0,1.5,1,0.0496,0.7106
20,2x4,exp,PAR,0.01,4,0,1.5,0.9998,0.2198,0.2454
20,2x4,exp,RNK,0.01,4,0,1.5,1,0.0096,0.485
20,2x4,exp,ATS,0.01,4,0,1.5,1,0.0102,0.4874
20,2x4,exp,INT,0.01,4,0,1.5,1,0.011,0.4844
20,2x4,exp,PAR,0.05,8,0,1.5,1,0.4754,0.4766
20,2x4,exp,RNK,0.05,8,0,1.5,1,0.0422,0.7438
20,2x4,exp,ATS,0.05,8,0,1.5,1,0.0414,0.7458
20,2x4,exp,INT,0.05,8,0,1.5,1,0.043,0.7302
20,2x4,exp,PAR,0.01,8,0,1.5,0.9998,0.232,0.2322
20,2x4,exp,RNK,0.01,8,0,1.5,1,0.0094,0.526
20,2x4,exp,ATS,0.01,8,0,1.5,1,0.0094,0.5358
20,2x4,exp,INT,0.01,8,0,1.5,1,0.008,0.4994
20,2x4,binom,PAR,0.05,0.6,0,0,0.8346,0.0448,0.0498
20,2x4,binom,RNK,0.05,0.6,0,0,0.816,0.0446,0.0522
20,2x4,binom,ATS,0.05,0.6,0,0,0.8328,0.0444,0.0528
20,2x4,binom,INT,0.05,0.6,0,0,0.8328,0.0448,0.0506
20,2x4,binom,PAR,0.01,0.6,0,0,0.623,0.0082,0.0098
20,2x4,binom,RNK,0.01,0.6,0,0,0.6082,0.009,0.0102
20,2x4,binom,ATS,0.01,0.6,0,0,0.6518,0.009,0.0108
20,2x4,binom,INT,0.01,0.6,0,0,0.6272,0.009,0.01
20,2x4,binom,PAR,0.05,0.6,1,0,0.8336,0.9704,0.1204
20,2x4,binom,RNK,0.05,0.6,1,0,0.806,0.9548,0.0662
20,2x4,binom,ATS,0.05,0.6,1,0,0.8226,0.9552,0.068
20,2x4,binom,INT,0.05,0.6,1,0,0.8274,0.9668,0.0848
20,2x4,binom,PAR,0.01,0.6,1,0,0.618,0.8962,0.0404
20,2x4,binom,RNK,0.01,0.6,1,0,0.5916,0.8666,0.0158
20,2x4,binom,ATS,0.01,0.6,1,0,0.6376,0.871,0.0164
20,2x4,binom,INT,0.01,0.6,1,0,0.6114,0.8902,0.0234
20,2x4,binom,PAR,0.05,0.6,2,0,0.8264,1,0.3204
20,2x4,binom,RNK,0.05,0.6,2,0,0.776,1,0.1208
20,2x4,binom,ATS,0.05,0.6,2,0,0.7912,1,0.1206
20,2x4,binom,INT,0.05,0.6,2,0,0.8114,1,0.2012
20,2x4,binom,PAR,0.01,0.6,2,0,0.6076,1,0.1648
20,2x4,binom,RNK,0.01,0.6,2,0,0.5416,1,0.038
20,2x4,binom,ATS,0.01,0.6,2,0,0.595,1,0.0384
20,2x4,binom,INT,0.01,0.6,2,0,0.5902,1,0.0758
20,2x4,binom,PAR,0.05,0.6,4,0,0.8018,1,0.599
20,2x4,binom,RNK,0.05,0.6,4,0,0.6814,1,0.2312
20,2x4,binom,ATS,0.05,0.6,4,0,0.7026,1,0.2124
20,2x4,binom,INT,0.05,0.6,4,0,0.7634,1,0.4104
20,2x4,binom,PAR,0.01,0.6,4,0,0.5794,1,0.4108
20,2x4,binom,RNK,0.01,0.6,4,0,0.431,1,0.09
20,2x4,binom,ATS,0.01,0.6,4,0,0.4826,1,0.0758
20,2x4,binom,INT,0.01,0.6,4,0,0.5236,1,0.197
20,2x4,binom,PAR,0.05,0.6,8,0,0.7644,1,0.7376
20,2x4,binom,RNK,0.05,0.6,8,0,0.5816,1,0.4358
20,2x4,binom,ATS,0.05,0.6,8,0,0.6046,1,0.3568
20,2x4,binom,INT,0.05,0.6,8,0,0.7104,1,0.631
20,2x4,binom,PAR,0.01,0.6,8,0,0.5284,1,0.5812
20,2x4,binom,RNK,0.01,0.6,8,0,0.3464,1,0.235
20,2x4,binom,ATS,0.01,0.6,8,0,0.3928,1,0.1524
20,2x4,binom,INT,0.01,0.6,8,0,0.4564,1,0.4328
20,2x4,binom,PAR,0.05,0,0.6,0,0.0484,0.623,0.0498
20,2x4,binom,RNK,0.05,0,0.6,0,0.0498,0.5888,0.052
20,2x4,binom,ATS,0.05,0,0.6,0,0.0564,0.5916,0.0526
20,2x4,binom,INT,0.05,0,0.6,0,0.0486,0.6162,0.0504
20,2x4,binom,PAR,0.01,0,0.6,0,0.0116,0.381,0.01
20,2x4,binom,RNK,0.01,0,0.6,0,0.0108,0.3544,0.0082
20,2x4,binom,ATS,0.01,0,0.6,0,0.015,0.36,0.0086
20,2x4,binom,INT,0.01,0,0.6,0,0.0114,0.379,0.009
20,2x4,binom,PAR,0.05,1,0.6,0,0.9962,0.6162,0.1294
20,2x4,binom,RNK,0.05,1,0.6,0,0.9952,0.563,0.075
20,2x4,binom,ATS,0.05,1,0.6,0,0.9958,0.564,0.0752
20,2x4,binom,INT,0.05,1,0.6,0,0.9964,0.6028,0.0996
20,2x4,binom,PAR,0.01,1,0.6,0,0.975,0.379,0.0408
20,2x4,binom,RNK,0.01,1,0.6,0,0.9684,0.3308,0.0158
20,2x4,binom,ATS,0.01,1,0.6,0,0.9772,0.3368,0.0162
20,2x4,binom,INT,0.01,1,0.6,0,0.974,0.3666,0.0256
20,2x4,binom,PAR,0.05,2,0.6,0,1,0.599,0.297
20,2x4,binom,RNK,0.05,2,0.6,0,1,0.5162,0.1364
20,2x4,binom,ATS,0.05,2,0.6,0,1,0.5168,0.1356
20,2x4,binom,INT,0.05,2,0.6,0,1,0.5796,0.2036
20,2x4,binom,PAR,0.01,2,0.6,0,1,0.3496,0.1292
20,2x4,binom,RNK,0.01,2,0.6,0,1,0.272,0.0462
20,2x4,binom,ATS,0.01,2,0.6,0,1,0.2764,0.0436
20,2x4,binom,INT,0.01,2,0.6,0,1,0.3302,0.0782
20,2x4,binom,PAR,0.05,4,0.6,0,1,0.589,0.5354
20,2x4,binom,RNK,0.05,4,0.6,0,1,0.4832,0.3798
20,2x4,binom,ATS,0.05,4,0.6,0,1,0.4708,0.3696
20,2x4,binom,INT,0.05,4,0.6,0,1,0.5612,0.4694
20,2x4,binom,PAR,0.01,4,0.6,0,1,0.3514,0.3002
20,2x4,binom,RNK,0.01,4,0.6,0,1,0.2572,0.1766
20,2x4,binom,ATS,0.01,4,0.6,0,1,0.245,0.1644
20,2x4,binom,INT,0.01,4,0.6,0,1,0.3304,0.2516
20,2x4,binom,PAR,0.05,8,0.6,0,1,0.5806,0.5802
20,2x4,binom,RNK,0.05,8,0.6,0,1,0.4864,0.4852
20,2x4,binom,ATS,0.05,8,0.6,0,1,0.4662,0.4644
20,2x4,binom,INT,0.05,8,0.6,0,1,0.556,0.5556
20,2x4,binom,PAR,0.01,8,0.6,0,1,0.341,0.3398
20,2x4,binom,RNK,0.01,8,0.6,0,1,0.2626,0.2626
20,2x4,binom,ATS,0.01,8,0.6,0,1,0.2412,0.2402
20,2x4,binom,INT,0.01,8,0.6,0,1,0.325,0.323
20,2x4,binom,PAR,0.05,0,0,1.5,0.0492,0.057,0.8316
20,2x4,binom,RNK,0.05,0,0,1.5,0.047,0.0494,0.7986
20,2x4,binom,ATS,0.05,0,0,1.5,0.053,0.0524,0.8006
20,2x4,binom,INT,0.05,0,0,1.5,0.0474,0.0526,0.8278
20,2x4,binom,PAR,0.01,0,0,1.5,0.0108,0.012,0.6208
20,2x4,binom,RNK,0.01,0,0,1.5,0.0102,0.0108,0.5892
20,2x4,binom,ATS,0.01,0,0,1.5,0.0138,0.0112,0.5986
20,2x4,binom,INT,0.01,0,0,1.5,0.011,0.0118,0.6194
20,2x4,binom,PAR,0.05,0,1,1.5,0.1436,0.9684,0.8078
20,2x4,binom,RNK,0.05,0,1,1.5,0.076,0.9538,0.7606
20,2x4,binom,ATS,0.05,0,1,1.5,0.0857,0.9542,0.7612
20,2x4,binom,INT,0.05,0,1,1.5,0.1056,0.967,0.7994
20,2x4,binom,PAR,0.01,0,1,1.5,0.0498,0.8938,0.6168
20,2x4,binom,RNK,0.01,0,1,1.5,0.0216,0.858,0.5454
20,2x4,binom,ATS,0.01,0,1,1.5,0.0264,0.861,0.5522
20,2x4,binom,INT,0.01,0,1,1.5,0.03,0.8906,0.6028
20,2x4,binom,PAR,0.05,0,2,1.5,0.3704,1,0.7882
20,2x4,binom,RNK,0.05,0,2,1.5,0.143,1,0.6604
20,2x4,binom,ATS,0.05,0,2,1.5,0.1582,1,0.6596
20,2x4,binom,INT,0.05,0,2,1.5,0.2356,1,0.7572
20,2x4,binom,PAR,0.01,0,2,1.5,0.179,1,0.6326
20,2x4,binom,RNK,0.01,0,2,1.5,0.0478,1,0.4352
20,2x4,binom,ATS,0.01,0,2,1.5,0.0616,1,0.436
20,2x4,binom,INT,0.01,0,2,1.5,0.0874,1,0.5682
20,2x4,binom,PAR,0.05,0,4,1.5,0.6946,1,0.7872
20,2x4,binom,RNK,0.05,0,4,1.5,0.3116,1,0.5172
20,2x4,binom,ATS,0.05,0,4,1.5,0.3341,1,0.4914
20,2x4,binom,INT,0.05,0,4,1.5,0.4876,1,0.7316
20,2x4,binom,PAR,0.01,0,4,1.5,0.4794,1,0.67
20,2x4,binom,RNK,0.01,0,4,1.5,0.1398,1,0.2834
20,2x4,binom,ATS,0.01,0,4,1.5,0.1709,1,0.2528
20,2x4,binom,INT,0.01,0,4,1.5,0.2532,1,0.5436
20,2x4,binom,PAR,0.05,0,8,1.5,0.8084,1,0.8318
20,2x4,binom,RNK,0.05,0,8,1.5,0.504,1,0.5564
20,2x4,binom,ATS,0.05,0,8,1.5,0.526,1,0.4848
20,2x4,binom,INT,0.05,0,8,1.5,0.7016,1,0.7694
20,2x4,binom,PAR,0.01,0,8,1.5,0.6426,1,0.7454
20,2x4,binom,RNK,0.01,0,8,1.5,0.2924,1,0.3666
20,2x4,binom,ATS,0.01,0,8,1.5,0.3312,1,0.283
20,2x4,binom,INT,0.01,0,8,1.5,0.4818,1,0.6262
20,2x4,binom,PAR,0.05,0,0,1.5,0.0504,0.0576,0.8316
20,2x4,binom,RNK,0.05,0,0,1.5,0.0522,0.0536,0.793
20,2x4,binom,ATS,0.05,0,0,1.5,0.06,0.0544,0.796
20,2x4,binom,INT,0.05,0,0,1.5,0.0522,0.0564,0.8192
20,2x4,binom,PAR,0.01,0,0,1.5,0.0078,0.0098,0.6286
20,2x4,binom,RNK,0.01,0,0,1.5,0.0096,0.0116,0.5892
20,2x4,binom,ATS,0.01,0,0,1.5,0.0134,0.0122,0.598
20,2x4,binom,INT,0.01,0,0,1.5,0.0086,0.011,0.623
20,2x4,binom,PAR,0.05,1,0,1.5,0.9952,0.1722,0.8166
20,2x4,binom,RNK,0.05,1,0,1.5,0.9922,0.078,0.7682
20,2x4,binom,ATS,0.05,1,0,1.5,0.9938,0.0792,0.7692
20,2x4,binom,INT,0.05,1,0,1.5,0.995,0.121,0.804
20,2x4,binom,PAR,0.01,1,0,1.5,0.9722,0.0596,0.6182
20,2x4,binom,RNK,0.01,1,0,1.5,0.9684,0.02,0.5516
20,2x4,binom,ATS,0.01,1,0,1.5,0.9748,0.0206,0.5542
20,2x4,binom,INT,0.01,1,0,1.5,0.9722,0.034,0.6036
20,2x4,binom,PAR,0.05,2,0,1.5,1,0.4438,0.806
20,2x4,binom,RNK,0.05,2,0,1.5,1,0.1938,0.7158
20,2x4,binom,ATS,0.05,2,0,1.5,1,0.1928,0.716
20,2x4,binom,INT,0.05,2,0,1.5,1,0.316,0.7844
20,2x4,binom,PAR,0.01,2,0,1.5,1,0.2416,0.591
20,2x4,binom,RNK,0.01,2,0,1.5,1,0.069,0.4756
20,2x4,binom,ATS,0.01,2,0,1.5,1,0.0688,0.4752
20,2x4,binom,INT,0.01,2,0,1.5,1,0.1368,0.5596
20,2x4,binom,PAR,0.05,4,0,1.5,1,0.728,0.7852
20,2x4,binom,RNK,0.05,4,0,1.5,1,0.552,0.6778
20,2x4,binom,ATS,0.05,4,0,1.5,1,0.537,0.6688
20,2x4,binom,INT,0.05,4,0,1.5,1,0.665,0.7628
20,2x4,binom,PAR,0.01,4,0,1.5,1,0.5024,0.5672
20,2x4,binom,RNK,0.01,4,0,1.5,1,0.315,0.4428
20,2x4,binom,ATS,0.01,4,0,1.5,1,0.2976,0.423
20,2x4,binom,INT,0.01,4,0,1.5,1,0.4302,0.5388
20,2x4,binom,PAR,0.05,8,0,1.5,1,0.755,0.756
20,2x4,binom,RNK,0.05,8,0,1.5,1,0.6594,0.6602
20,2x4,binom,ATS,0.05,8,0,1.5,1,0.6428,0.6438
20,2x4,binom,INT,0.05,8,0,1.5,1,0.7338,0.7346
20,2x4,binom,PAR,0.01,8,0,1.5,1,0.5314,0.5322
20,2x4,binom,RNK,0.01,8,0,1.5,1,0.4262,0.4288
20,2x4,binom,ATS,0.01,8,0,1.5,1,0.399,0.4018
20,2x4,binom,INT,0.01,8,0,1.5,1,0.508,0.511
20,2x4,poisson,PAR,0.05,0.6,0,0,0.9696,0.0504,0.0478
20,2x4,poisson,RNK,0.05,0.6,0,0,0.9728,0.0518,0.0516
20,2x4,poisson,ATS,0.05,0.6,0,0,0.9758,0.0536,0.0526
20,2x4,poisson,INT,0.05,0.6,0,0,0.9734,0.053,0.0478
20,2x4,poisson,PAR,0.01,0.6,0,0,0.9052,0.0096,0.01
20,2x4,poisson,RNK,0.01,0.6,0,0,0.9114,0.009,0.0094
20,2x4,poisson,ATS,0.01,0.6,0,0,0.9264,0.0102,0.0096
20,2x4,poisson,INT,0.01,0.6,0,0,0.9138,0.0088,0.0098
20,2x4,poisson,PAR,0.05,0.6,1,0,0.9696,1,0.4668
20,2x4,poisson,RNK,0.05,0.6,1,0,0.9676,1,0.1018
20,2x4,poisson,ATS,0.05,0.6,1,0,0.9704,1,0.1018
20,2x4,poisson,INT,0.05,0.6,1,0,0.9694,1,0.1424
20,2x4,poisson,PAR,0.01,0.6,1,0,0.8996,1,0.2586
20,2x4,poisson,RNK,0.01,0.6,1,0,0.9014,1,0.0288
20,2x4,poisson,ATS,0.01,0.6,1,0,0.915,1,0.0304
20,2x4,poisson,INT,0.01,0.6,1,0,0.9026,1,0.0484
20,2x4,poisson,PAR,0.05,0.6,2,0,0.967,1,0.8558
20,2x4,poisson,RNK,0.05,0.6,2,0,0.9552,1,0.2166
20,2x4,poisson,ATS,0.05,0.6,2,0,0.96,1,0.2154
20,2x4,poisson,INT,0.05,0.6,2,0,0.9634,1,0.3462
20,2x4,poisson,PAR,0.01,0.6,2,0,0.8936,1,0.7146
20,2x4,poisson,RNK,0.01,0.6,2,0,0.87,1,0.0852
20,2x4,poisson,ATS,0.01,0.6,2,0,0.8892,1,0.084
20,2x4,poisson,INT,0.01,0.6,2,0,0.8862,1,0.1478
20,2x4,poisson,PAR,0.05,0.6,4,0,0.9704,1,0.9622
20,2x4,poisson,RNK,0.05,0.6,4,0,0.8808,1,0.4352
20,2x4,poisson,ATS,0.05,0.6,4,0,0.8904,1,0.4202
20,2x4,poisson,INT,0.05,0.6,4,0,0.9388,1,0.7482
20,2x4,poisson,PAR,0.01,0.6,4,0,0.9024,1,0.9134
20,2x4,poisson,RNK,0.01,0.6,4,0,0.732,1,0.2592
20,2x4,poisson,ATS,0.01,0.6,4,0,0.7668,1,0.2448
20,2x4,poisson,INT,0.01,0.6,4,0,0.8332,1,0.5264
20,2x4,poisson,PAR,0.05,0.6,8,0,0.9686,1,0.979
20,2x4,poisson,RNK,0.05,0.6,8,0,0.803,1,0.6826
20,2x4,poisson,ATS,0.05,0.6,8,0,0.8178,1,0.6108
20,2x4,poisson,INT,0.05,0.6,8,0,0.9308,1,0.9392
20,2x4,poisson,PAR,0.01,0.6,8,0,0.8972,1,0.9474
20,2x4,poisson,RNK,0.01,0.6,8,0,0.6182,1,0.4972
20,2x4,poisson,ATS,0.01,0.6,8,0,0.6567,1,0.402
20,2x4,poisson,INT,0.01,0.6,8,0,0.8126,1,0.851
20,2x4,poisson,PAR,0.05,0,0.6,0,0.0498,0.991,0.0548
20,2x4,poisson,RNK,0.05,0,0.6,0,0.0484,0.9834,0.0498
20,2x4,poisson,ATS,0.05,0,0.6,0,0.0556,0.9834,0.0496
20,2x4,poisson,INT,0.05,0,0.6,0,0.049,0.9886,0.0526
20,2x4,poisson,PAR,0.01,0,0.6,0,0.0098,0.9546,0.0106
20,2x4,poisson,RNK,0.01,0,0.6,0,0.0096,0.9372,0.0092
20,2x4,poisson,ATS,0.01,0,0.6,0,0.0132,0.939,0.0096
20,2x4,poisson,INT,0.01,0,0.6,0,0.01,0.9486,0.0092
20,2x4,poisson,PAR,0.05,1,0.6,0,0.9998,0.991,0.4596
20,2x4,poisson,RNK,0.05,1,0.6,0,1,0.976,0.1048
20,2x4,poisson,ATS,0.05,1,0.6,0,1,0.9766,0.1056
20,2x4,poisson,INT,0.05,1,0.6,0,1,0.9852,0.158
20,2x4,poisson,PAR,0.01,1,0.6,0,0.997,0.9604,0.2386
20,2x4,poisson,RNK,0.01,1,0.6,0,0.9986,0.9134,0.0266
20,2x4,poisson,ATS,0.01,1,0.6,0,0.999,0.9132,0.0278
20,2x4,poisson,INT,0.01,1,0.6,0,0.9984,0.9406,0.0446
20,2x4,poisson,PAR,0.05,2,0.6,0,1,0.9924,0.883
20,2x4,poisson,RNK,0.05,2,0.6,0,1,0.9348,0.2646
20,2x4,poisson,ATS,0.05,2,0.6,0,1,0.934,0.2692
20,2x4,poisson,INT,0.05,2,0.6,0,1,0.9692,0.4644
20,2x4,poisson,PAR,0.01,2,0.6,0,1,0.9564,0.7274
20,2x4,poisson,RNK,0.01,2,0.6,0,1,0.8284,0.105
20,2x4,poisson,ATS,0.01,2,0.6,0,1,0.8306,0.1102
20,2x4,poisson,INT,0.01,2,0.6,0,1,0.9002,0.2308
20,2x4,poisson,PAR,0.05,4,0.6,0,1,0.988,0.9826
20,2x4,poisson,RNK,0.05,4,0.6,0,1,0.9454,0.8256
20,2x4,poisson,ATS,0.05,4,0.6,0,1,0.9432,0.8218
20,2x4,poisson,INT,0.05,4,0.6,0,1,0.9786,0.9298
20,2x4,poisson,PAR,0.01,4,0.6,0,1,0.9502,0.935
20,2x4,poisson,RNK,0.01,4,0.6,0,1,0.8422,0.6382
20,2x4,poisson,ATS,0.01,4,0.6,0,1,0.8378,0.632
20,2x4,poisson,INT,0.01,4,0.6,0,1,0.92,0.8142
20,2x4,poisson,PAR,0.05,8,0.6,0,1,0.9862,0.9862
20,2x4,poisson,RNK,0.05,8,0.6,0,1,0.976,0.9732
20,2x4,poisson,ATS,0.05,8,0.6,0,1,0.9742,0.9714
20,2x4,poisson,INT,0.05,8,0.6,0,1,0.9844,0.984
20,2x4,poisson,PAR,0.01,8,0.6,0,1,0.9544,0.9536
20,2x4,poisson,RNK,0.01,8,0.6,0,1,0.9168,0.9124
20,2x4,poisson,ATS,0.01,8,0.6,0,1,0.9084,0.9046
20,2x4,poisson,INT,0.01,8,0.6,0,1,0.9462,0.9424
20,2x4,poisson,PAR,0.05,0,0,1.5,0.0494,0.0884,0.9996
20,2x4,poisson,RNK,0.05,0,0,1.5,0.0506,0.0554,0.9982
20,2x4,poisson,ATS,0.05,0,0,1.5,0.0592,0.0548,0.9982
20,2x4,poisson,INT,0.05,0,0,1.5,0.0516,0.0634,0.9988
20,2x4,poisson,PAR,0.01,0,0,1.5,0.01,0.0242,0.997
20,2x4,poisson,RNK,0.01,0,0,1.5,0.011,0.0138,0.9954
20,2x4,poisson,ATS,0.01,0,0,1.5,0.0156,0.0142,0.9952
20,2x4,poisson,INT,0.01,0,0,1.5,0.0104,0.014,0.9968
20,2x4,poisson,PAR,0.05,0,1,1.5,0.3838,1,0.9964
20,2x4,poisson,RNK,0.05,0,1,1.5,0.0978,1,0.9964
20,2x4,poisson,ATS,0.05,0,1,1.5,0.1082,1,0.9962
20,2x4,poisson,INT,0.05,0,1,1.5,0.133,1,0.998
20,2x4,poisson,PAR,0.01,0,1,1.5,0.1838,1,0.9852
20,2x4,poisson,RNK,0.01,0,1,1.5,0.027,1,0.9756
20,2x4,poisson,ATS,0.01,0,1,1.5,0.035,1,0.977
20,2x4,poisson,INT,0.01,0,1,1.5,0.0394,1,0.9888
20,2x4,poisson,PAR,0.05,0,2,1.5,0.7738,1,0.9822
20,2x4,poisson,RNK,0.05,0,2,1.5,0.187,1,0.9624
20,2x4,poisson,ATS,0.05,0,2,1.5,0.2004,1,0.9614
20,2x4,poisson,INT,0.05,0,2,1.5,0.2776,1,0.9876
20,2x4,poisson,PAR,0.01,0,2,1.5,0.5816,1,0.954
20,2x4,poisson,RNK,0.01,0,2,1.5,0.074,1,0.8714
20,2x4,poisson,ATS,0.01,0,2,1.5,0.0912,1,0.8642
20,2x4,poisson,INT,0.01,0,2,1.5,0.1248,1,0.957
20,2x4,poisson,PAR,0.05,0,4,1.5,0.9346,1,0.9738
20,2x4,poisson,RNK,0.05,0,4,1.5,0.3836,1,0.765
20,2x4,poisson,ATS,0.05,0,4,1.5,0.3998,1,0.7372
20,2x4,poisson,INT,0.05,0,4,1.5,0.608,1,0.9618
20,2x4,poisson,PAR,0.01,0,4,1.5,0.8442,1,0.942
20,2x4,poisson,RNK,0.01,0,4,1.5,0.2258,1,0.5276
20,2x4,poisson,ATS,0.01,0,4,1.5,0.254,1,0.4936
20,2x4,poisson,INT,0.01,0,4,1.5,0.4044,1,0.9046
20,2x4,poisson,PAR,0.05,0,8,1.5,0.9718,1,0.9774
20,2x4,poisson,RNK,0.05,0,8,1.5,0.6632,1,0.7682
20,2x4,poisson,ATS,0.05,0,8,1.5,0.6812,1,0.6912
20,2x4,poisson,INT,0.05,0,8,1.5,0.8906,1,0.959
20,2x4,poisson,PAR,0.01,0,8,1.5,0.916,1,0.9588
20,2x4,poisson,RNK,0.01,0,8,1.5,0.4792,1,0.5854
20,2x4,poisson,ATS,0.01,0,8,1.5,0.5144,1,0.468
20,2x4,poisson,INT,0.01,0,8,1.5,0.7522,1,0.9076
20,2x4,poisson,PAR,0.05,0,0,1.5,0.0484,0.0842,0.9998
20,2x4,poisson,RNK,0.05,0,0,1.5,0.048,0.0574,0.9992
20,2x4,poisson,ATS,0.05,0,0,1.5,0.0538,0.0586,0.9992
20,2x4,poisson,INT,0.05,0,0,1.5,0.0478,0.0614,0.9996
20,2x4,poisson,PAR,0.01,0,0,1.5,0.0114,0.0244,0.998
20,2x4,poisson,RNK,0.01,0,0,1.5,0.0116,0.0132,0.9932
20,2x4,poisson,ATS,0.01,0,0,1.5,0.0142,0.0128,0.9936
20,2x4,poisson,INT,0.01,0,0,1.5,0.0128,0.0144,0.9968
20,2x4,poisson,PAR,0.05,1,0,1.5,0.9998,0.6458,0.9998
20,2x4,poisson,RNK,0.05,1,0,1.5,0.9998,0.1282,0.9988
20,2x4,poisson,ATS,0.05,1,0,1.5,0.9998,0.1274,0.9988
20,2x4,poisson,INT,0.05,1,0,1.5,0.9998,0.2154,0.9996
20,2x4,poisson,PAR,0.01,1,0,1.5,0.9984,0.4206,0.998
20,2x4,poisson,RNK,0.01,1,0,1.5,0.9988,0.0338,0.9896
20,2x4,poisson,ATS,0.01,1,0,1.5,0.9992,0.0348,0.9898
20,2x4,poisson,INT,0.01,1,0,1.5,0.9988,0.0738,0.9964
20,2x4,poisson,PAR,0.05,2,0,1.5,1,0.9712,0.9996
20,2x4,poisson,RNK,0.05,2,0,1.5,1,0.3842,0.992
20,2x4,poisson,ATS,0.05,2,0,1.5,1,0.38,0.9916
20,2x4,poisson,INT,0.05,2,0,1.5,1,0.639,0.998
20,2x4,poisson,PAR,0.01,2,0,1.5,1,0.9144,0.996
20,2x4,poisson,RNK,0.01,2,0,1.5,1,0.1694,0.9638
20,2x4,poisson,ATS,0.01,2,0,1.5,1,0.1674,0.9638
20,2x4,poisson,INT,0.01,2,0,1.5,1,0.3944,0.987
20,2x4,poisson,PAR,0.05,4,0,1.5,1,0.9994,0.9994
20,2x4,poisson,RNK,0.05,4,0,1.5,1,0.945,0.992
20,2x4,poisson,ATS,0.05,4,0,1.5,1,0.942,0.9918
20,2x4,poisson,INT,0.05,4,0,1.5,1,0.9894,0.998
20,2x4,poisson,PAR,0.01,4,0,1.5,1,0.994,0.9966
20,2x4,poisson,RNK,0.01,4,0,1.5,1,0.8422,0.9662
20,2x4,poisson,ATS,0.01,4,0,1.5,1,0.836,0.9664
20,2x4,poisson,INT,0.01,4,0,1.5,1,0.9536,0.9914
20,2x4,poisson,PAR,0.05,8,0,1.5,1,0.9994,0.9994
20,2x4,poisson,RNK,0.05,8,0,1.5,1,0.9972,0.998
20,2x4,poisson,ATS,0.05,8,0,1.5,1,0.9972,0.998
20,2x4,poisson,INT,0.05,8,0,1.5,1,0.9994,0.9994
20,2x4,poisson,PAR,0.01,8,0,1.5,1,0.9962,0.9962
20,2x4,poisson,RNK,0.01,8,0,1.5,1,0.988,0.9888
20,2x4,poisson,ATS,0.01,8,0,1.5,1,0.9858,0.9866
20,2x4,poisson,INT,0.01,8,0,1.5,1,0.9952,0.9962
20,2x4,likert,PAR,0.05,0.6,0,0,0.786,0.0422,0.052
20,2x4,likert,RNK,0.05,0.6,0,0,0.7926,0.0478,0.053
20,2x4,likert,ATS,0.05,0.6,0,0,0.8114,0.0468,0.0544
20,2x4,likert,INT,0.05,0.6,0,0,0.7984,0.0436,0.0524
20,2x4,likert,PAR,0.01,0.6,0,0,0.5488,0.0092,0.0112
20,2x4,likert,RNK,0.01,0.6,0,0,0.5668,0.0098,0.0124
20,2x4,likert,ATS,0.01,0.6,0,0,0.6146,0.0102,0.0138
20,2x4,likert,INT,0.01,0.6,0,0,0.5718,0.0096,0.012
20,2x4,likert,PAR,0.05,0.6,1,0,0.7912,0.9274,0.0678
20,2x4,likert,RNK,0.05,0.6,1,0,0.7986,0.9368,0.0552
20,2x4,likert,ATS,0.05,0.6,1,0,0.8162,0.9358,0.0556
20,2x4,likert,INT,0.05,0.6,1,0,0.8094,0.9408,0.0604
20,2x4,likert,PAR,0.01,0.6,1,0,0.564,0.8314,0.018
20,2x4,likert,RNK,0.01,0.6,1,0,0.5716,0.8426,0.016
20,2x4,likert,ATS,0.01,0.6,1,0,0.622,0.8398,0.0168
20,2x4,likert,INT,0.01,0.6,1,0,0.5802,0.8498,0.0154
20,2x4,likert,PAR,0.05,0.6,2,0,0.7494,0.9994,0.0962
20,2x4,likert,RNK,0.05,0.6,2,0,0.759,0.9994,0.0708
20,2x4,likert,ATS,0.05,0.6,2,0,0.7758,0.9992,0.0678
20,2x4,likert,INT,0.05,0.6,2,0,0.7642,0.9996,0.0698
20,2x4,likert,PAR,0.01,0.6,2,0,0.512,0.9976,0.0298
20,2x4,likert,RNK,0.01,0.6,2,0,0.5294,0.9978,0.0184
20,2x4,likert,ATS,0.01,0.6,2,0,0.5752,0.9972,0.0172
20,2x4,likert,INT,0.01,0.6,2,0,0.5376,0.998,0.0186
20,2x4,likert,PAR,0.05,0.6,4,0,0.6886,0.9998,0.165
20,2x4,likert,RNK,0.05,0.6,4,0,0.6894,0.9994,0.1306
20,2x4,likert,ATS,0.05,0.6,4,0,0.7086,0.9994,0.1182
20,2x4,likert,INT,0.05,0.6,4,0,0.701,0.9998,0.126
20,2x4,likert,PAR,0.01,0.6,4,0,0.4536,0.998,0.071
20,2x4,likert,RNK,0.01,0.6,4,0,0.4498,0.9986,0.0464
20,2x4,likert,ATS,0.01,0.6,4,0,0.5004,0.9984,0.0386
20,2x4,likert,INT,0.01,0.6,4,0,0.464,0.9986,0.0432
20,2x4,likert,PAR,0.05,0.6,8,0,0.5614,0.9986,0.2254
20,2x4,likert,RNK,0.05,0.6,8,0,0.545,0.9986,0.2034
20,2x4,likert,ATS,0.05,0.6,8,0,0.5721,0.9984,0.164
20,2x4,likert,INT,0.05,0.6,8,0,0.5543,0.9988,0.1912
20,2x4,likert,PAR,0.01,0.6,8,0,0.3136,0.9978,0.1082
20,2x4,likert,RNK,0.01,0.6,8,0,0.3074,0.9982,0.0936
20,2x4,likert,ATS,0.01,0.6,8,0,0.3525,0.9976,0.0572
20,2x4,likert,INT,0.01,0.6,8,0,0.3197,0.9984,0.0834
20,2x4,likert,PAR,0.05,0,0.6,0,0.0502,0.5618,0.0544
20,2x4,likert,RNK,0.05,0,0.6,0,0.0506,0.5656,0.0534
20,2x4,likert,ATS,0.05,0,0.6,0,0.0572,0.569,0.0542
20,2x4,likert,INT,0.05,0,0.6,0,0.0504,0.5786,0.0558
20,2x4,likert,PAR,0.01,0,0.6,0,0.011,0.3158,0.0106
20,2x4,likert,RNK,0.01,0,0.6,0,0.011,0.3282,0.01
20,2x4,likert,ATS,0.01,0,0.6,0,0.0154,0.3344,0.0112
20,2x4,likert,INT,0.01,0,0.6,0,0.0118,0.3362,0.0096
20,2x4,likert,PAR,0.05,1,0.6,0,0.9894,0.5322,0.063
20,2x4,likert,RNK,0.05,1,0.6,0,0.9918,0.5334,0.0532
20,2x4,likert,ATS,0.05,1,0.6,0,0.9928,0.5352,0.0524
20,2x4,likert,INT,0.05,1,0.6,0,0.9924,0.547,0.0562
20,2x4,likert,PAR,0.01,1,0.6,0,0.9584,0.2926,0.0152
20,2x4,likert,RNK,0.01,1,0.6,0,0.9608,0.3038,0.0124
20,2x4,likert,ATS,0.01,1,0.6,0,0.9684,0.3102,0.0126
20,2x4,likert,INT,0.01,1,0.6,0,0.964,0.3092,0.0144
20,2x4,likert,PAR,0.05,2,0.6,0,1,0.4906,0.101
20,2x4,likert,RNK,0.05,2,0.6,0,1,0.4982,0.079
20,2x4,likert,ATS,0.05,2,0.6,0,1,0.4996,0.0774
20,2x4,likert,INT,0.05,2,0.6,0,1,0.5136,0.0818
20,2x4,likert,PAR,0.01,2,0.6,0,0.9988,0.2722,0.0278
20,2x4,likert,RNK,0.01,2,0.6,0,0.9996,0.273,0.0188
20,2x4,likert,ATS,0.01,2,0.6,0,1,0.2754,0.0174
20,2x4,likert,INT,0.01,2,0.6,0,0.9998,0.2868,0.0214
20,2x4,likert,PAR,0.05,4,0.6,0,0.999,0.4032,0.1334
20,2x4,likert,RNK,0.05,4,0.6,0,0.9994,0.4074,0.1068
20,2x4,likert,ATS,0.05,4,0.6,0,0.9994,0.4012,0.1022
20,2x4,likert,INT,0.05,4,0.6,0,0.9994,0.4114,0.1062
20,2x4,likert,PAR,0.01,4,0.6,0,0.997,0.1942,0.0386
20,2x4,likert,RNK,0.01,4,0.6,0,0.9978,0.1964,0.0318
20,2x4,likert,ATS,0.01,4,0.6,0,0.9984,0.1934,0.0286
20,2x4,likert,INT,0.01,4,0.6,0,0.9978,0.2032,0.032
20,2x4,likert,PAR,0.05,8,0.6,0,0.9916,0.26,0.1356
20,2x4,likert,RNK,0.05,8,0.6,0,0.992,0.2616,0.152
20,2x4,likert,ATS,0.05,8,0.6,0,0.9935,0.2523,0.123
20,2x4,likert,INT,0.05,8,0.6,0,0.9934,0.259,0.127
20,2x4,likert,PAR,0.01,8,0.6,0,0.9858,0.1138,0.0482
20,2x4,likert,RNK,0.01,8,0.6,0,0.9872,0.1172,0.0476
20,2x4,likert,ATS,0.01,8,0.6,0,0.989,0.1127,0.0423
20,2x4,likert,INT,0.01,8,0.6,0,0.9886,0.1106,0.0417
20,2x4,likert,PAR,0.05,0,0,1.5,0.049,0.0528,0.76
20,2x4,likert,RNK,0.05,0,0,1.5,0.0476,0.0514,0.7668
20,2x4,likert,ATS,0.05,0,0,1.5,0.057,0.0528,0.7692
20,2x4,likert,INT,0.05,0,0,1.5,0.0502,0.0542,0.772
20,2x4,likert,PAR,0.01,0,0,1.5,0.011,0.0122,0.5418
20,2x4,likert,RNK,0.01,0,0,1.5,0.01,0.0116,0.5588
20,2x4,likert,ATS,0.01,0,0,1.5,0.0154,0.0122,0.5634
20,2x4,likert,INT,0.01,0,0,1.5,0.0106,0.0112,0.5658
20,2x4,likert,PAR,0.05,0,1,1.5,0.0704,0.9344,0.7218
20,2x4,likert,RNK,0.05,0,1,1.5,0.0614,0.9384,0.7242
20,2x4,likert,ATS,0.05,0,1,1.5,0.072,0.9406,0.7252
20,2x4,likert,INT,0.05,0,1,1.5,0.0614,0.9444,0.7418
20,2x4,likert,PAR,0.01,0,1,1.5,0.0138,0.8248,0.4992
20,2x4,likert,RNK,0.01,0,1,1.5,0.0108,0.8384,0.5068
20,2x4,likert,ATS,0.01,0,1,1.5,0.0158,0.8386,0.5112
20,2x4,likert,INT,0.01,0,1,1.5,0.011,0.8516,0.527
20,2x4,likert,PAR,0.05,0,2,1.5,0.1192,0.9986,0.6964
20,2x4,likert,RNK,0.05,0,2,1.5,0.0852,0.9986,0.6752
20,2x4,likert,ATS,0.05,0,2,1.5,0.094,0.999,0.6698
20,2x4,likert,INT,0.05,0,2,1.5,0.0848,0.999,0.7184
20,2x4,likert,PAR,0.01,0,2,1.5,0.039,0.9958,0.4768
20,2x4,likert,RNK,0.01,0,2,1.5,0.0222,0.9972,0.4444
20,2x4,likert,ATS,0.01,0,2,1.5,0.0298,0.9966,0.437
20,2x4,likert,INT,0.01,0,2,1.5,0.0224,0.9976,0.4904
20,2x4,likert,PAR,0.05,0,4,1.5,0.1644,0.9994,0.5888
20,2x4,likert,RNK,0.05,0,4,1.5,0.1148,0.9996,0.501
20,2x4,likert,ATS,0.05,0,4,1.5,0.1292,0.9996,0.4776
20,2x4,likert,INT,0.05,0,4,1.5,0.1176,0.9996,0.5912
20,2x4,likert,PAR,0.01,0,4,1.5,0.063,0.9988,0.3858
20,2x4,likert,RNK,0.01,0,4,1.5,0.039,0.9996,0.2828
20,2x4,likert,ATS,0.01,0,4,1.5,0.049,0.9986,0.2612
20,2x4,likert,INT,0.01,0,4,1.5,0.041,0.9996,0.367
20,2x4,likert,PAR,0.05,0,8,1.5,0.1988,0.9986,0.4812
20,2x4,likert,RNK,0.05,0,8,1.5,0.1492,0.9984,0.3828
20,2x4,likert,ATS,0.05,0,8,1.5,0.1653,0.9988,0.3406
20,2x4,likert,INT,0.05,0,8,1.5,0.1675,0.9988,0.4694
20,2x4,likert,PAR,0.01,0,8,1.5,0.0846,0.998,0.3158
20,2x4,likert,RNK,0.01,0,8,1.5,0.0598,0.9982,0.2262
20,2x4,likert,ATS,0.01,0,8,1.5,0.075,0.998,0.1789
20,2x4,likert,INT,0.01,0,8,1.5,0.0676,0.9986,0.2977
20,2x4,likert,PAR,0.05,0,0,1.5,0.0492,0.0448,0.7498
20,2x4,likert,RNK,0.05,0,0,1.5,0.05,0.0504,0.7652
20,2x4,likert,ATS,0.05,0,0,1.5,0.0574,0.05,0.7672
20,2x4,likert,INT,0.05,0,0,1.5,0.0462,0.047,0.7712
20,2x4,likert,PAR,0.01,0,0,1.5,0.0082,0.0082,0.546
20,2x4,likert,RNK,0.01,0,0,1.5,0.0078,0.0082,0.5516
20,2x4,likert,ATS,0.01,0,0,1.5,0.0122,0.0086,0.5608
20,2x4,likert,INT,0.01,0,0,1.5,0.0096,0.0088,0.564
20,2x4,likert,PAR,0.05,1,0,1.5,0.9908,0.0718,0.7296
20,2x4,likert,RNK,0.05,1,0,1.5,0.993,0.06,0.732
20,2x4,likert,ATS,0.05,1,0,1.5,0.9938,0.0616,0.7338
20,2x4,likert,INT,0.05,1,0,1.5,0.993,0.061,0.7414
20,2x4,likert,PAR,0.01,1,0,1.5,0.9572,0.0174,0.5002
20,2x4,likert,RNK,0.01,1,0,1.5,0.9636,0.0134,0.5156
20,2x4,likert,ATS,0.01,1,0,1.5,0.9744,0.0144,0.5166
20,2x4,likert,INT,0.01,1,0,1.5,0.9666,0.0136,0.5294
20,2x4,likert,PAR,0.05,2,0,1.5,1,0.1208,0.6752
20,2x4,likert,RNK,0.05,2,0,1.5,1,0.0846,0.6796
20,2x4,likert,ATS,0.05,2,0,1.5,1,0.0822,0.678
20,2x4,likert,INT,0.05,2,0,1.5,1,0.088,0.6974
20,2x4,likert,PAR,0.01,2,0,1.5,0.9992,0.0394,0.4536
20,2x4,likert,RNK,0.01,2,0,1.5,0.9994,0.0266,0.4546
20,2x4,likert,ATS,0.01,2,0,1.5,0.9996,0.0262,0.4532
20,2x4,likert,INT,0.01,2,0,1.5,0.9994,0.0292,0.4768
20,2x4,likert,PAR,0.05,4,0,1.5,0.9996,0.1704,0.5628
20,2x4,likert,RNK,0.05,4,0,1.5,0.9996,0.1434,0.5728
20,2x4,likert,ATS,0.05,4,0,1.5,0.9996,0.1378,0.5654
20,2x4,likert,INT,0.05,4,0,1.5,0.9996,0.1368,0.5774
20,2x4,likert,PAR,0.01,4,0,1.5,0.9974,0.0694,0.339
20,2x4,likert,RNK,0.01,4,0,1.5,0.9984,0.054,0.3474
20,2x4,likert,ATS,0.01,4,0,1.5,0.9988,0.0508,0.3358
20,2x4,likert,INT,0.01,4,0,1.5,0.9984,0.054,0.3478
20,2x4,likert,PAR,0.05,8,0,1.5,0.992,0.1946,0.3928
20,2x4,likert,RNK,0.05,8,0,1.5,0.9924,0.1874,0.415
20,2x4,likert,ATS,0.05,8,0,1.5,0.9941,0.1775,0.3839
20,2x4,likert,INT,0.05,8,0,1.5,0.9938,0.1767,0.3843
20,2x4,likert,PAR,0.01,8,0,1.5,0.9878,0.0832,0.2
20,2x4,likert,RNK,0.01,8,0,1.5,0.9886,0.079,0.2032
20,2x4,likert,ATS,0.01,8,0,1.5,0.9908,0.0722,0.1966
20,2x4,likert,INT,0.01,8,0,1.5,0.9904,0.0725,0.1964
