n,design,family,sdratio,method,alpha,effectX1,effectX2,effectX1X2,rateX1,rateX2,rateX1X2
20,4x3,norm,1,PAR,0.05,0,0,0,0.0506,0.0528,0.0504
20,4x3,norm,1,RNK,0.05,0,0,0,0.052,0.0512,0.0504
20,4x3,norm,1,ART,0.05,0,0,0,0.0526,0.0522,0.0526
20,4x3,norm,1,INT,0.05,0,0,0,0.0498,0.0516,0.0522
20,4x3,norm,1,PAR,0.01,0,0,0,0.0108,0.01,0.0082
20,4x3,norm,1,RNK,0.01,0,0,0,0.0104,0.0102,0.0096
20,4x3,norm,1,ART,0.01,0,0,0,0.0116,0.0098,0.009
20,4x3,norm,1,INT,0.01,0,0,0,0.011,0.0104,0.0092
20,4x3,norm,1.5,PAR,0.05,0,0,0,0.0548,0.0502,0.0574
20,4x3,norm,1.5,RNK,0.05,0,0,0,0.0538,0.051,0.0542
20,4x3,norm,1.5,ART,0.05,0,0,0,0.0528,0.0576,0.0582
20,4x3,norm,1.5,INT,0.05,0,0,0,0.0494,0.05,0.0572
20,4x3,norm,1.5,PAR,0.01,0,0,0,0.0122,0.0082,0.0132
20,4x3,norm,1.5,RNK,0.01,0,0,0,0.0104,0.0096,0.0106
20,4x3,norm,1.5,ART,0.01,0,0,0,0.0096,0.012,0.0118
20,4x3,norm,1.5,INT,0.01,0,0,0,0.0106,0.0086,0.0136
20,4x3,norm,2,PAR,0.05,0,0,0,0.0538,0.0498,0.0578
20,4x3,norm,2,RNK,0.05,0,0,0,0.053,0.0498,0.0534
20,4x3,norm,2,ART,0.05,0,0,0,0.0538,0.0694,0.063
20,4x3,norm,2,INT,0.05,0,0,0,0.046,0.052,0.0574
20,4x3,norm,2,PAR,0.01,0,0,0,0.0164,0.0108,0.016
20,4x3,norm,2,RNK,0.01,0,0,0,0.0106,0.013,0.0124
20,4x3,norm,2,ART,0.01,0,0,0,0.0104,0.0162,0.0142
20,4x3,norm,2,INT,0.01,0,0,0,0.0134,0.0116,0.0152
20,4x3,norm,2.5,PAR,0.05,0,0,0,0.0634,0.0456,0.0636
20,4x3,norm,2.5,RNK,0.05,0,0,0,0.0602,0.043,0.0508
20,4x3,norm,2.5,ART,0.05,0,0,0,0.0618,0.0748,0.0668
20,4x3,norm,2.5,INT,0.05,0,0,0,0.0546,0.0432,0.0598
20,4x3,norm,2.5,PAR,0.01,0,0,0,0.0222,0.01,0.0188
20,4x3,norm,2.5,RNK,0.01,0,0,0,0.0174,0.0102,0.0124
20,4x3,norm,2.5,ART,0.01,0,0,0,0.0156,0.0172,0.016
20,4x3,norm,2.5,INT,0.01,0,0,0,0.0166,0.0104,0.0172
20,4x3,norm,3,PAR,0.05,0,0,0,0.0616,0.0486,0.0742
20,4x3,norm,3,RNK,0.05,0,0,0,0.0594,0.0522,0.0578
20,4x3,norm,3,ART,0.05,0,0,0,0.0584,0.094,0.08
20,4x3,norm,3,INT,0.05,0,0,0,0.0504,0.0524,0.066
20,4x3,norm,3,PAR,0.01,0,0,0,0.022,0.0126,0.0204
20,4x3,norm,3,RNK,0.01,0,0,0,0.0162,0.0102,0.017
20,4x3,norm,3,ART,0.01,0,0,0,0.017,0.0254,0.0238
20,4x3,norm,3,INT,0.01,0,0,0,0.0136,0.012,0.018
20,4x3,likert_5,1,PAR,0.05,0,0,0,0.0496,0.0504,0.0488
20,4x3,likert_5,1,RNK,0.05,0,0,0,0.0502,0.048,0.0492
20,4x3,likert_5,1,ART,0.05,0,0,0,0.0674,0.0668,0.0596
20,4x3,likert_5,1,INT,0.05,0,0,0,0.051,0.0502,0.0492
20,4x3,likert_5,1,PAR,0.01,0,0,0,0.0126,0.0082,0.0116
20,4x3,likert_5,1,RNK,0.01,0,0,0,0.0114,0.0086,0.011
20,4x3,likert_5,1,ART,0.01,0,0,0,0.015,0.0166,0.0128
20,4x3,likert_5,1,INT,0.01,0,0,0,0.0124,0.0086,0.0122
20,4x3,likert_5,1.5,PAR,0.05,0,0,0,0.0568,0.0522,0.0552
20,4x3,likert_5,1.5,RNK,0.05,0,0,0,0.0552,0.0544,0.0554
20,4x3,likert_5,1.5,ART,0.05,0,0,0,0.0764,0.0776,0.0718
20,4x3,likert_5,1.5,INT,0.05,0,0,0,0.0564,0.0528,0.0554
20,4x3,likert_5,1.5,PAR,0.01,0,0,0,0.0108,0.011,0.0114
20,4x3,likert_5,1.5,RNK,0.01,0,0,0,0.011,0.0102,0.0112
20,4x3,likert_5,1.5,ART,0.01,0,0,0,0.0164,0.0188,0.019
20,4x3,likert_5,1.5,INT,0.01,0,0,0,0.0108,0.011,0.0112
20,4x3,likert_5,2,PAR,0.05,0,0,0,0.0542,0.05,0.0504
20,4x3,likert_5,2,RNK,0.05,0,0,0,0.0526,0.048,0.0482
20,4x3,likert_5,2,ART,0.05,0,0,0,0.076,0.084,0.0776
20,4x3,likert_5,2,INT,0.05,0,0,0,0.0536,0.0496,0.052
20,4x3,likert_5,2,PAR,0.01,0,0,0,0.0104,0.0108,0.012
20,4x3,likert_5,2,RNK,0.01,0,0,0,0.0116,0.0098,0.0104
20,4x3,likert_5,2,ART,0.01,0,0,0,0.0192,0.0236,0.0178
20,4x3,likert_5,2,INT,0.01,0,0,0,0.0106,0.0106,0.0126
20,4x3,likert_5,2.5,PAR,0.05,0,0,0,0.0566,0.0566,0.0566
20,4x3,likert_5,2.5,RNK,0.05,0,0,0,0.0614,0.0546,0.0542
20,4x3,likert_5,2.5,ART,0.05,0,0,0,0.0806,0.1246,0.0922
20,4x3,likert_5,2.5,INT,0.05,0,0,0,0.0536,0.0564,0.0566
20,4x3,likert_5,2.5,PAR,0.01,0,0,0,0.014,0.013,0.0144
20,4x3,likert_5,2.5,RNK,0.01,0,0,0,0.0138,0.0142,0.0112
20,4x3,likert_5,2.5,ART,0.01,0,0,0,0.0208,0.0438,0.025
20,4x3,likert_5,2.5,INT,0.01,0,0,0,0.013,0.0128,0.0146
20,4x3,likert_5,3,PAR,0.05,0,0,0,0.0564,0.0514,0.0684
20,4x3,likert_5,3,RNK,0.05,0,0,0,0.057,0.0502,0.0598
20,4x3,likert_5,3,ART,0.05,0,0,0,0.0798,0.1466,0.1144
20,4x3,likert_5,3,INT,0.05,0,0,0,0.0538,0.0498,0.0674
20,4x3,likert_5,3,PAR,0.01,0,0,0,0.014,0.0106,0.0172
20,4x3,likert_5,3,RNK,0.01,0,0,0,0.0128,0.0112,0.0148
20,4x3,likert_5,3,ART,0.01,0,0,0,0.022,0.0528,0.0358
20,4x3,likert_5,3,INT,0.01,0,0,0,0.0122,0.0108,0.0176
20,4x3,likert_5_flex,1,PAR,0.05,0,0,0,0.053,0.053,0.0488
20,4x3,likert_5_flex,1,RNK,0.05,0,0,0,0.0488,0.052,0.0484
20,4x3,likert_5_flex,1,ART,0.05,0,0,0,0.147,0.1298,0.1132
20,4x3,likert_5_flex,1,INT,0.05,0,0,0,0.0502,0.0496,0.0488
20,4x3,likert_5_flex,1,PAR,0.01,0,0,0,0.0098,0.0096,0.0084
20,4x3,likert_5_flex,1,RNK,0.01,0,0,0,0.0116,0.0108,0.012
20,4x3,likert_5_flex,1,ART,0.01,0,0,0,0.0618,0.052,0.0388
20,4x3,likert_5_flex,1,INT,0.01,0,0,0,0.0098,0.0104,0.0096
20,4x3,likert_5_flex,1.5,PAR,0.05,0,0,0,0.0918,0.0494,0.055
20,4x3,likert_5_flex,1.5,RNK,0.05,0,0,0,0.069,0.0504,0.0514
20,4x3,likert_5_flex,1.5,ART,0.05,0,0,0,0.1654,0.153,0.136
20,4x3,likert_5_flex,1.5,INT,0.05,0,0,0,0.0728,0.05,0.0522
20,4x3,likert_5_flex,1.5,PAR,0.01,0,0,0,0.0242,0.0096,0.0102
20,4x3,likert_5_flex,1.5,RNK,0.01,0,0,0,0.0156,0.01,0.0096
20,4x3,likert_5_flex,1.5,ART,0.01,0,0,0,0.075,0.07,0.0484
20,4x3,likert_5_flex,1.5,INT,0.01,0,0,0,0.0188,0.0106,0.009
20,4x3,likert_5_flex,2,PAR,0.05,0,0,0,0.164,0.0482,0.0564
20,4x3,likert_5_flex,2,RNK,0.05,0,0,0,0.094,0.0488,0.0548
20,4x3,likert_5_flex,2,ART,0.05,0,0,0,0.2064,0.2058,0.1564
20,4x3,likert_5_flex,2,INT,0.05,0,0,0,0.106,0.0464,0.0562
20,4x3,likert_5_flex,2,PAR,0.01,0,0,0,0.0676,0.0114,0.0128
20,4x3,likert_5_flex,2,RNK,0.01,0,0,0,0.0362,0.011,0.0116
20,4x3,likert_5_flex,2,ART,0.01,0,0,0,0.1062,0.1076,0.0732
20,4x3,likert_5_flex,2,INT,0.01,0,0,0,0.0404,0.0106,0.0134
20,4x3,likert_5_flex,2.5,PAR,0.05,0,0,0,0.2432,0.0478,0.059
20,4x3,likert_5_flex,2.5,RNK,0.05,0,0,0,0.1372,0.0488,0.0536
20,4x3,likert_5_flex,2.5,ART,0.05,0,0,0,0.2372,0.2462,0.188
20,4x3,likert_5_flex,2.5,INT,0.05,0,0,0,0.1468,0.0504,0.0554
20,4x3,likert_5_flex,2.5,PAR,0.01,0,0,0,0.1224,0.0122,0.0144
20,4x3,likert_5_flex,2.5,RNK,0.01,0,0,0,0.059,0.0126,0.012
20,4x3,likert_5_flex,2.5,ART,0.01,0,0,0,0.128,0.1306,0.0878
20,4x3,likert_5_flex,2.5,INT,0.01,0,0,0,0.0686,0.013,0.0142
20,4x3,likert_5_flex,3,PAR,0.05,0,0,0,0.2972,0.0512,0.0666
20,4x3,likert_5_flex,3,RNK,0.05,0,0,0,0.1766,0.0496,0.0588
20,4x3,likert_5_flex,3,ART,0.05,0,0,0,0.2776,0.2804,0.2222
20,4x3,likert_5_flex,3,INT,0.05,0,0,0,0.1788,0.05,0.0642
20,4x3,likert_5_flex,3,PAR,0.01,0,0,0,0.1662,0.0114,0.016
20,4x3,likert_5_flex,3,RNK,0.01,0,0,0,0.081,0.0104,0.0146
20,4x3,likert_5_flex,3,ART,0.01,0,0,0,0.1692,0.1644,0.11
20,4x3,likert_5_flex,3,INT,0.01,0,0,0,0.0924,0.0114,0.0162
20,4x3,likert_7,1,PAR,0.05,0,0,0,0.0546,0.0508,0.0542
20,4x3,likert_7,1,RNK,0.05,0,0,0,0.0554,0.0512,0.0496
20,4x3,likert_7,1,ART,0.05,0,0,0,0.0656,0.056,0.0566
20,4x3,likert_7,1,INT,0.05,0,0,0,0.0538,0.0512,0.0544
20,4x3,likert_7,1,PAR,0.01,0,0,0,0.0124,0.012,0.0098
20,4x3,likert_7,1,RNK,0.01,0,0,0,0.013,0.0114,0.0092
20,4x3,likert_7,1,ART,0.01,0,0,0,0.0142,0.015,0.0112
20,4x3,likert_7,1,INT,0.01,0,0,0,0.0122,0.0122,0.0106
20,4x3,likert_7,1.5,PAR,0.05,0,0,0,0.0508,0.05,0.0612
20,4x3,likert_7,1.5,RNK,0.05,0,0,0,0.0502,0.0506,0.061
20,4x3,likert_7,1.5,ART,0.05,0,0,0,0.0586,0.0666,0.0688
20,4x3,likert_7,1.5,INT,0.05,0,0,0,0.0498,0.0504,0.061
20,4x3,likert_7,1.5,PAR,0.01,0,0,0,0.0104,0.01,0.0128
20,4x3,likert_7,1.5,RNK,0.01,0,0,0,0.0104,0.0098,0.0134
20,4x3,likert_7,1.5,ART,0.01,0,0,0,0.0144,0.0126,0.017
20,4x3,likert_7,1.5,INT,0.01,0,0,0,0.011,0.0104,0.0126
20,4x3,likert_7,2,PAR,0.05,0,0,0,0.0522,0.049,0.0526
20,4x3,likert_7,2,RNK,0.05,0,0,0,0.0534,0.0466,0.0502
20,4x3,likert_7,2,ART,0.05,0,0,0,0.0612,0.073,0.065
20,4x3,likert_7,2,INT,0.05,0,0,0,0.049,0.048,0.0522
20,4x3,likert_7,2,PAR,0.01,0,0,0,0.0122,0.0064,0.012
20,4x3,likert_7,2,RNK,0.01,0,0,0,0.0112,0.0062,0.0122
20,4x3,likert_7,2,ART,0.01,0,0,0,0.0154,0.0162,0.016
20,4x3,likert_7,2,INT,0.01,0,0,0,0.0112,0.0064,0.012
20,4x3,likert_7,2.5,PAR,0.05,0,0,0,0.0546,0.0466,0.0536
20,4x3,likert_7,2.5,RNK,0.05,0,0,0,0.058,0.0492,0.051
20,4x3,likert_7,2.5,ART,0.05,0,0,0,0.0696,0.093,0.0748
20,4x3,likert_7,2.5,INT,0.05,0,0,0,0.0504,0.0484,0.055
20,4x3,likert_7,2.5,PAR,0.01,0,0,0,0.0122,0.011,0.0138
20,4x3,likert_7,2.5,RNK,0.01,0,0,0,0.011,0.0098,0.0126
20,4x3,likert_7,2.5,ART,0.01,0,0,0,0.0158,0.026,0.0184
20,4x3,likert_7,2.5,INT,0.01,0,0,0,0.0112,0.0116,0.0138
20,4x3,likert_7,3,PAR,0.05,0,0,0,0.0648,0.0478,0.0568
20,4x3,likert_7,3,RNK,0.05,0,0,0,0.0662,0.0504,0.0522
20,4x3,likert_7,3,ART,0.05,0,0,0,0.0734,0.1028,0.0838
20,4x3,likert_7,3,INT,0.05,0,0,0,0.0586,0.049,0.058
20,4x3,likert_7,3,PAR,0.01,0,0,0,0.0192,0.0114,0.0182
20,4x3,likert_7,3,RNK,0.01,0,0,0,0.0184,0.011,0.0138
20,4x3,likert_7,3,ART,0.01,0,0,0,0.0242,0.0298,0.024
20,4x3,likert_7,3,INT,0.01,0,0,0,0.0164,0.0104,0.017
20,4x3,likert_7_flex,1,PAR,0.05,0,0,0,0.0532,0.049,0.0518
20,4x3,likert_7_flex,1,RNK,0.05,0,0,0,0.0526,0.0518,0.051
20,4x3,likert_7_flex,1,ART,0.05,0,0,0,0.1,0.094,0.0806
20,4x3,likert_7_flex,1,INT,0.05,0,0,0,0.0498,0.0484,0.0508
20,4x3,likert_7_flex,1,PAR,0.01,0,0,0,0.0112,0.0102,0.0096
20,4x3,likert_7_flex,1,RNK,0.01,0,0,0,0.0122,0.0096,0.0104
20,4x3,likert_7_flex,1,ART,0.01,0,0,0,0.0318,0.0268,0.0224
20,4x3,likert_7_flex,1,INT,0.01,0,0,0,0.0112,0.0106,0.0108
20,4x3,likert_7_flex,1.5,PAR,0.05,0,0,0,0.0758,0.0474,0.0552
20,4x3,likert_7_flex,1.5,RNK,0.05,0,0,0,0.0558,0.0532,0.0552
20,4x3,likert_7_flex,1.5,ART,0.05,0,0,0,0.1048,0.1116,0.102
20,4x3,likert_7_flex,1.5,INT,0.05,0,0,0,0.0596,0.053,0.0558
20,4x3,likert_7_flex,1.5,PAR,0.01,0,0,0,0.0208,0.0114,0.0136
20,4x3,likert_7_flex,1.5,RNK,0.01,0,0,0,0.0106,0.0112,0.0128
20,4x3,likert_7_flex,1.5,ART,0.01,0,0,0,0.0338,0.04,0.0348
20,4x3,likert_7_flex,1.5,INT,0.01,0,0,0,0.0122,0.0112,0.0128
20,4x3,likert_7_flex,2,PAR,0.05,0,0,0,0.1438,0.0516,0.057
20,4x3,likert_7_flex,2,RNK,0.05,0,0,0,0.0782,0.0494,0.055
20,4x3,likert_7_flex,2,ART,0.05,0,0,0,0.1376,0.1486,0.1144
20,4x3,likert_7_flex,2,INT,0.05,0,0,0,0.0784,0.0502,0.058
20,4x3,likert_7_flex,2,PAR,0.01,0,0,0,0.0534,0.0104,0.0158
20,4x3,likert_7_flex,2,RNK,0.01,0,0,0,0.0228,0.0114,0.0128
20,4x3,likert_7_flex,2,ART,0.01,0,0,0,0.0544,0.0636,0.0444
20,4x3,likert_7_flex,2,INT,0.01,0,0,0,0.0252,0.0098,0.014
20,4x3,likert_7_flex,2.5,PAR,0.05,0,0,0,0.1842,0.0592,0.0638
20,4x3,likert_7_flex,2.5,RNK,0.05,0,0,0,0.0822,0.059,0.0618
20,4x3,likert_7_flex,2.5,ART,0.05,0,0,0,0.1518,0.1924,0.1416
20,4x3,likert_7_flex,2.5,INT,0.05,0,0,0,0.0816,0.0578,0.066
20,4x3,likert_7_flex,2.5,PAR,0.01,0,0,0,0.0716,0.0114,0.0166
20,4x3,likert_7_flex,2.5,RNK,0.01,0,0,0,0.023,0.0128,0.0158
20,4x3,likert_7_flex,2.5,ART,0.01,0,0,0,0.0616,0.0838,0.0592
20,4x3,likert_7_flex,2.5,INT,0.01,0,0,0,0.0256,0.011,0.0166
20,4x3,likert_7_flex,3,PAR,0.05,0,0,0,0.2414,0.0484,0.062
20,4x3,likert_7_flex,3,RNK,0.05,0,0,0,0.1076,0.0498,0.0544
20,4x3,likert_7_flex,3,ART,0.05,0,0,0,0.1828,0.2168,0.1484
20,4x3,likert_7_flex,3,INT,0.05,0,0,0,0.1046,0.0498,0.0582
20,4x3,likert_7_flex,3,PAR,0.01,0,0,0,0.1246,0.0102,0.0168
20,4x3,likert_7_flex,3,RNK,0.01,0,0,0,0.0378,0.0108,0.0146
20,4x3,likert_7_flex,3,ART,0.01,0,0,0,0.0828,0.0988,0.0616
20,4x3,likert_7_flex,3,INT,0.01,0,0,0,0.0402,0.0098,0.0148
20,2x3,norm,1,PAR,0.05,0,0,0,0.0508,0.0468,0.0566
20,2x3,norm,1,RNK,0.05,0,0,0,0.0484,0.051,0.0534
20,2x3,norm,1,ART,0.05,0,0,0,0.0486,0.0498,0.053
20,2x3,norm,1,INT,0.05,0,0,0,0.0502,0.0468,0.0572
20,2x3,norm,1,PAR,0.01,0,0,0,0.01,0.0098,0.0092
20,2x3,norm,1,RNK,0.01,0,0,0,0.0102,0.0104,0.0092
20,2x3,norm,1,ART,0.01,0,0,0,0.0096,0.0108,0.0104
20,2x3,norm,1,INT,0.01,0,0,0,0.01,0.01,0.009
20,2x3,norm,1.5,PAR,0.05,0,0,0,0.0478,0.047,0.0494
20,2x3,norm,1.5,RNK,0.05,0,0,0,0.0502,0.0468,0.0484
20,2x3,norm,1.5,ART,0.05,0,0,0,0.0516,0.0546,0.0566
20,2x3,norm,1.5,INT,0.05,0,0,0,0.0448,0.047,0.051
20,2x3,norm,1.5,PAR,0.01,0,0,0,0.0106,0.0096,0.0104
20,2x3,norm,1.5,RNK,0.01,0,0,0,0.0116,0.0116,0.0108
20,2x3,norm,1.5,ART,0.01,0,0,0,0.0124,0.0128,0.0132
20,2x3,norm,1.5,INT,0.01,0,0,0,0.0098,0.0106,0.0102
20,2x3,norm,2,PAR,0.05,0,0,0,0.0482,0.051,0.049
20,2x3,norm,2,RNK,0.05,0,0,0,0.0552,0.0532,0.0496
20,2x3,norm,2,ART,0.05,0,0,0,0.0568,0.084,0.0754
20,2x3,norm,2,INT,0.05,0,0,0,0.0362,0.0512,0.0514
20,2x3,norm,2,PAR,0.01,0,0,0,0.009,0.0114,0.0112
20,2x3,norm,2,RNK,0.01,0,0,0,0.0118,0.0108,0.0118
20,2x3,norm,2,ART,0.01,0,0,0,0.0114,0.02,0.02
20,2x3,norm,2,INT,0.01,0,0,0,0.0062,0.0118,0.0114
20,2x3,norm,2.5,PAR,0.05,0,0,0,0.052,0.0496,0.0456
20,2x3,norm,2.5,RNK,0.05,0,0,0,0.0632,0.048,0.0496
20,2x3,norm,2.5,ART,0.05,0,0,0,0.0642,0.0908,0.0916
20,2x3,norm,2.5,INT,0.05,0,0,0,0.0378,0.05,0.0476
20,2x3,norm,2.5,PAR,0.01,0,0,0,0.0094,0.0094,0.009
20,2x3,norm,2.5,RNK,0.01,0,0,0,0.0156,0.0076,0.01
20,2x3,norm,2.5,ART,0.01,0,0,0,0.0142,0.0218,0.0244
20,2x3,norm,2.5,INT,0.01,0,0,0,0.006,0.0102,0.0102
20,2x3,norm,3,PAR,0.05,0,0,0,0.0556,0.0542,0.0538
20,2x3,norm,3,RNK,0.05,0,0,0,0.064,0.0536,0.048
20,2x3,norm,3,ART,0.05,0,0,0,0.0628,0.1254,0.1196
20,2x3,norm,3,INT,0.05,0,0,0,0.036,0.0554,0.054
20,2x3,norm,3,PAR,0.01,0,0,0,0.0116,0.0114,0.0116
20,2x3,norm,3,RNK,0.01,0,0,0,0.0172,0.0112,0.0112
20,2x3,norm,3,ART,0.01,0,0,0,0.0156,0.0366,0.0376
20,2x3,norm,3,INT,0.01,0,0,0,0.006,0.0114,0.0108
20,2x3,likert_5,1,PAR,0.05,0,0,0,0.0518,0.0486,0.0482
20,2x3,likert_5,1,RNK,0.05,0,0,0,0.0526,0.048,0.0462
20,2x3,likert_5,1,ART,0.05,0,0,0,0.0706,0.05,0.0506
20,2x3,likert_5,1,INT,0.05,0,0,0,0.0538,0.0482,0.0456
20,2x3,likert_5,1,PAR,0.01,0,0,0,0.0102,0.01,0.0096
20,2x3,likert_5,1,RNK,0.01,0,0,0,0.0118,0.0096,0.0104
20,2x3,likert_5,1,ART,0.01,0,0,0,0.0182,0.0108,0.0126
20,2x3,likert_5,1,INT,0.01,0,0,0,0.01,0.0094,0.0096
20,2x3,likert_5,1.5,PAR,0.05,0,0,0,0.0494,0.0486,0.0568
20,2x3,likert_5,1.5,RNK,0.05,0,0,0,0.0516,0.0476,0.0578
20,2x3,likert_5,1.5,ART,0.05,0,0,0,0.074,0.0578,0.07
20,2x3,likert_5,1.5,INT,0.05,0,0,0,0.0462,0.05,0.0558
20,2x3,likert_5,1.5,PAR,0.01,0,0,0,0.011,0.011,0.0104
20,2x3,likert_5,1.5,RNK,0.01,0,0,0,0.011,0.0112,0.0108
20,2x3,likert_5,1.5,ART,0.01,0,0,0,0.0186,0.014,0.016
20,2x3,likert_5,1.5,INT,0.01,0,0,0,0.0098,0.0112,0.0102
20,2x3,likert_5,2,PAR,0.05,0,0,0,0.0474,0.0504,0.0578
20,2x3,likert_5,2,RNK,0.05,0,0,0,0.0572,0.0542,0.0564
20,2x3,likert_5,2,ART,0.05,0,0,0,0.0768,0.0786,0.087
20,2x3,likert_5,2,INT,0.05,0,0,0,0.0426,0.0498,0.059
20,2x3,likert_5,2,PAR,0.01,0,0,0,0.011,0.012,0.012
20,2x3,likert_5,2,RNK,0.01,0,0,0,0.0136,0.0116,0.0118
20,2x3,likert_5,2,ART,0.01,0,0,0,0.021,0.0186,0.0204
20,2x3,likert_5,2,INT,0.01,0,0,0,0.0074,0.0118,0.012
20,2x3,likert_5,2.5,PAR,0.05,0,0,0,0.0494,0.0522,0.05
20,2x3,likert_5,2.5,RNK,0.05,0,0,0,0.0582,0.0494,0.0512
20,2x3,likert_5,2.5,ART,0.05,0,0,0,0.0776,0.1026,0.1054
20,2x3,likert_5,2.5,INT,0.05,0,0,0,0.0402,0.0528,0.0492
20,2x3,likert_5,2.5,PAR,0.01,0,0,0,0.0112,0.0116,0.0106
20,2x3,likert_5,2.5,RNK,0.01,0,0,0,0.013,0.0112,0.0106
20,2x3,likert_5,2.5,ART,0.01,0,0,0,0.021,0.0294,0.0312
20,2x3,likert_5,2.5,INT,0.01,0,0,0,0.0076,0.0118,0.0106
20,2x3,likert_5,3,PAR,0.05,0,0,0,0.0552,0.051,0.0548
20,2x3,likert_5,3,RNK,0.05,0,0,0,0.0714,0.0488,0.0546
20,2x3,likert_5,3,ART,0.05,0,0,0,0.0964,0.1274,0.1296
20,2x3,likert_5,3,INT,0.05,0,0,0,0.0436,0.0494,0.0534
20,2x3,likert_5,3,PAR,0.01,0,0,0,0.0124,0.0106,0.0136
20,2x3,likert_5,3,RNK,0.01,0,0,0,0.0172,0.0092,0.0118
20,2x3,likert_5,3,ART,0.01,0,0,0,0.0266,0.0332,0.0432
20,2x3,likert_5,3,INT,0.01,0,0,0,0.0082,0.0106,0.0132
20,2x3,likert_5_flex,1,PAR,0.05,0,0,0,0.052,0.0456,0.0476
20,2x3,likert_5_flex,1,RNK,0.05,0,0,0,0.0524,0.0468,0.0482
20,2x3,likert_5_flex,1,ART,0.05,0,0,0,0.1222,0.0536,0.0736
20,2x3,likert_5_flex,1,INT,0.05,0,0,0,0.053,0.0472,0.0474
20,2x3,likert_5_flex,1,PAR,0.01,0,0,0,0.008,0.0102,0.0096
20,2x3,likert_5_flex,1,RNK,0.01,0,0,0,0.0092,0.0102,0.0102
20,2x3,likert_5_flex,1,ART,0.01,0,0,0,0.0494,0.0114,0.0226
20,2x3,likert_5_flex,1,INT,0.01,0,0,0,0.0088,0.0098,0.0096
20,2x3,likert_5_flex,1.5,PAR,0.05,0,0,0,0.0998,0.0594,0.0522
20,2x3,likert_5_flex,1.5,RNK,0.05,0,0,0,0.0668,0.0546,0.0524
20,2x3,likert_5_flex,1.5,ART,0.05,0,0,0,0.144,0.082,0.1032
20,2x3,likert_5_flex,1.5,INT,0.05,0,0,0,0.0686,0.0592,0.0496
20,2x3,likert_5_flex,1.5,PAR,0.01,0,0,0,0.0278,0.0114,0.0122
20,2x3,likert_5_flex,1.5,RNK,0.01,0,0,0,0.0168,0.013,0.0108
20,2x3,likert_5_flex,1.5,ART,0.01,0,0,0,0.0616,0.024,0.0382
20,2x3,likert_5_flex,1.5,INT,0.01,0,0,0,0.0174,0.0114,0.0112
20,2x3,likert_5_flex,2,PAR,0.05,0,0,0,0.1996,0.057,0.0528
20,2x3,likert_5_flex,2,RNK,0.05,0,0,0,0.11,0.0556,0.0524
20,2x3,likert_5_flex,2,ART,0.05,0,0,0,0.193,0.1264,0.138
20,2x3,likert_5_flex,2,INT,0.05,0,0,0,0.1112,0.0554,0.0524
20,2x3,likert_5_flex,2,PAR,0.01,0,0,0,0.0748,0.0118,0.0094
20,2x3,likert_5_flex,2,RNK,0.01,0,0,0,0.0402,0.0112,0.0108
20,2x3,likert_5_flex,2,ART,0.01,0,0,0,0.0974,0.0448,0.0534
20,2x3,likert_5_flex,2,INT,0.01,0,0,0,0.0412,0.0118,0.0112
20,2x3,likert_5_flex,2.5,PAR,0.05,0,0,0,0.2718,0.0546,0.0502
20,2x3,likert_5_flex,2.5,RNK,0.05,0,0,0,0.1576,0.0508,0.0518
20,2x3,likert_5_flex,2.5,ART,0.05,0,0,0,0.2356,0.1722,0.1918
20,2x3,likert_5_flex,2.5,INT,0.05,0,0,0,0.1546,0.0514,0.0522
20,2x3,likert_5_flex,2.5,PAR,0.01,0,0,0,0.1382,0.01,0.0092
20,2x3,likert_5_flex,2.5,RNK,0.01,0,0,0,0.0702,0.0114,0.011
20,2x3,likert_5_flex,2.5,ART,0.01,0,0,0,0.131,0.0538,0.0752
20,2x3,likert_5_flex,2.5,INT,0.01,0,0,0,0.068,0.0118,0.011
20,2x3,likert_5_flex,3,PAR,0.05,0,0,0,0.3208,0.0498,0.0448
20,2x3,likert_5_flex,3,RNK,0.05,0,0,0,0.1874,0.05,0.045
20,2x3,likert_5_flex,3,ART,0.05,0,0,0,0.2626,0.2096,0.22
20,2x3,likert_5_flex,3,INT,0.05,0,0,0,0.173,0.0492,0.047
20,2x3,likert_5_flex,3,PAR,0.01,0,0,0,0.1768,0.008,0.0098
20,2x3,likert_5_flex,3,RNK,0.01,0,0,0,0.092,0.008,0.0094
20,2x3,likert_5_flex,3,ART,0.01,0,0,0,0.1538,0.0774,0.0942
20,2x3,likert_5_flex,3,INT,0.01,0,0,0,0.0918,0.0076,0.0094
20,2x3,likert_7,1,PAR,0.05,0,0,0,0.056,0.0442,0.0488
20,2x3,likert_7,1,RNK,0.05,0,0,0,0.0552,0.0442,0.0496
20,2x3,likert_7,1,ART,0.05,0,0,0,0.0662,0.0452,0.053
20,2x3,likert_7,1,INT,0.05,0,0,0,0.0552,0.0432,0.0488
20,2x3,likert_7,1,PAR,0.01,0,0,0,0.0122,0.0086,0.0088
20,2x3,likert_7,1,RNK,0.01,0,0,0,0.012,0.0082,0.0088
20,2x3,likert_7,1,ART,0.01,0,0,0,0.0172,0.0092,0.0096
20,2x3,likert_7,1,INT,0.01,0,0,0,0.0116,0.0078,0.0096
20,2x3,likert_7,1.5,PAR,0.05,0,0,0,0.0532,0.0498,0.049
20,2x3,likert_7,1.5,RNK,0.05,0,0,0,0.0572,0.0488,0.0516
20,2x3,likert_7,1.5,ART,0.05,0,0,0,0.0608,0.0554,0.0564
20,2x3,likert_7,1.5,INT,0.05,0,0,0,0.0504,0.0502,0.0504
20,2x3,likert_7,1.5,PAR,0.01,0,0,0,0.011,0.0078,0.0094
20,2x3,likert_7,1.5,RNK,0.01,0,0,0,0.0104,0.0088,0.0104
20,2x3,likert_7,1.5,ART,0.01,0,0,0,0.014,0.012,0.0142
20,2x3,likert_7,1.5,INT,0.01,0,0,0,0.0086,0.0078,0.01
20,2x3,likert_7,2,PAR,0.05,0,0,0,0.0512,0.0494,0.0554
20,2x3,likert_7,2,RNK,0.05,0,0,0,0.0572,0.0514,0.054
20,2x3,likert_7,2,ART,0.05,0,0,0,0.07,0.0706,0.0824
20,2x3,likert_7,2,INT,0.05,0,0,0,0.0438,0.0492,0.0558
20,2x3,likert_7,2,PAR,0.01,0,0,0,0.0082,0.0106,0.0114
20,2x3,likert_7,2,RNK,0.01,0,0,0,0.0126,0.0102,0.012
20,2x3,likert_7,2,ART,0.01,0,0,0,0.018,0.0154,0.0186
20,2x3,likert_7,2,INT,0.01,0,0,0,0.0078,0.0098,0.0116
20,2x3,likert_7,2.5,PAR,0.05,0,0,0,0.0474,0.0496,0.054
20,2x3,likert_7,2.5,RNK,0.05,0,0,0,0.058,0.0506,0.056
20,2x3,likert_7,2.5,ART,0.05,0,0,0,0.0694,0.086,0.088
20,2x3,likert_7,2.5,INT,0.05,0,0,0,0.037,0.0498,0.0546
20,2x3,likert_7,2.5,PAR,0.01,0,0,0,0.011,0.013,0.011
20,2x3,likert_7,2.5,RNK,0.01,0,0,0,0.0138,0.0112,0.0104
20,2x3,likert_7,2.5,ART,0.01,0,0,0,0.0166,0.022,0.0254
20,2x3,likert_7,2.5,INT,0.01,0,0,0,0.0066,0.0126,0.0106
20,2x3,likert_7,3,PAR,0.05,0,0,0,0.0484,0.0524,0.0544
20,2x3,likert_7,3,RNK,0.05,0,0,0,0.062,0.0522,0.0538
20,2x3,likert_7,3,ART,0.05,0,0,0,0.0762,0.1078,0.1104
20,2x3,likert_7,3,INT,0.05,0,0,0,0.0348,0.0518,0.0554
20,2x3,likert_7,3,PAR,0.01,0,0,0,0.0094,0.0118,0.0108
20,2x3,likert_7,3,RNK,0.01,0,0,0,0.0146,0.0112,0.0112
20,2x3,likert_7,3,ART,0.01,0,0,0,0.0184,0.0302,0.0318
20,2x3,likert_7,3,INT,0.01,0,0,0,0.006,0.0118,0.0112
20,2x3,likert_7_flex,1,PAR,0.05,0,0,0,0.0508,0.0482,0.0514
20,2x3,likert_7_flex,1,RNK,0.05,0,0,0,0.049,0.0492,0.0502
20,2x3,likert_7_flex,1,ART,0.05,0,0,0,0.0938,0.0536,0.0662
20,2x3,likert_7_flex,1,INT,0.05,0,0,0,0.0524,0.0496,0.0492
20,2x3,likert_7_flex,1,PAR,0.01,0,0,0,0.0098,0.0088,0.0096
20,2x3,likert_7_flex,1,RNK,0.01,0,0,0,0.0102,0.0104,0.0108
20,2x3,likert_7_flex,1,ART,0.01,0,0,0,0.0318,0.0124,0.016
20,2x3,likert_7_flex,1,INT,0.01,0,0,0,0.0098,0.0092,0.0108
20,2x3,likert_7_flex,1.5,PAR,0.05,0,0,0,0.0808,0.0488,0.0486
20,2x3,likert_7_flex,1.5,RNK,0.05,0,0,0,0.0542,0.0528,0.0488
20,2x3,likert_7_flex,1.5,ART,0.05,0,0,0,0.0992,0.0698,0.0788
20,2x3,likert_7_flex,1.5,INT,0.05,0,0,0,0.0532,0.0502,0.0526
20,2x3,likert_7_flex,1.5,PAR,0.01,0,0,0,0.0234,0.011,0.0094
20,2x3,likert_7_flex,1.5,RNK,0.01,0,0,0,0.0138,0.0102,0.0102
20,2x3,likert_7_flex,1.5,ART,0.01,0,0,0,0.0358,0.0182,0.025
20,2x3,likert_7_flex,1.5,INT,0.01,0,0,0,0.0126,0.0116,0.0106
20,2x3,likert_7_flex,2,PAR,0.05,0,0,0,0.1506,0.0564,0.0494
20,2x3,likert_7_flex,2,RNK,0.05,0,0,0,0.0752,0.0536,0.05
20,2x3,likert_7_flex,2,ART,0.05,0,0,0,0.126,0.113,0.1178
20,2x3,likert_7_flex,2,INT,0.05,0,0,0,0.0682,0.0538,0.0488
20,2x3,likert_7_flex,2,PAR,0.01,0,0,0,0.0508,0.0108,0.0108
20,2x3,likert_7_flex,2,RNK,0.01,0,0,0,0.0196,0.012,0.0116
20,2x3,likert_7_flex,2,ART,0.01,0,0,0,0.0486,0.0338,0.0382
20,2x3,likert_7_flex,2,INT,0.01,0,0,0,0.0164,0.0114,0.012
20,2x3,likert_7_flex,2.5,PAR,0.05,0,0,0,0.2078,0.0518,0.0482
20,2x3,likert_7_flex,2.5,RNK,0.05,0,0,0,0.0958,0.0546,0.0504
20,2x3,likert_7_flex,2.5,ART,0.05,0,0,0,0.145,0.1502,0.1556
20,2x3,likert_7_flex,2.5,INT,0.05,0,0,0,0.0804,0.0506,0.05
20,2x3,likert_7_flex,2.5,PAR,0.01,0,0,0,0.0884,0.011,0.0102
20,2x3,likert_7_flex,2.5,RNK,0.01,0,0,0,0.0294,0.0098,0.01
20,2x3,likert_7_flex,2.5,ART,0.01,0,0,0,0.0646,0.0482,0.056
20,2x3,likert_7_flex,2.5,INT,0.01,0,0,0,0.0256,0.0096,0.0104
20,2x3,likert_7_flex,3,PAR,0.05,0,0,0,0.2536,0.047,0.05
20,2x3,likert_7_flex,3,RNK,0.05,0,0,0,0.1142,0.0474,0.0472
20,2x3,likert_7_flex,3,ART,0.05,0,0,0,0.1646,0.1792,0.1822
20,2x3,likert_7_flex,3,INT,0.05,0,0,0,0.0918,0.0476,0.0476
20,2x3,likert_7_flex,3,PAR,0.01,0,0,0,0.1284,0.01,0.0106
20,2x3,likert_7_flex,3,RNK,0.01,0,0,0,0.0448,0.0082,0.009
20,2x3,likert_7_flex,3,ART,0.01,0,0,0,0.0812,0.0664,0.069
20,2x3,likert_7_flex,3,INT,0.01,0,0,0,0.0374,0.01,0.0098
20,2x4,norm,1,PAR,0.05,0,0,0,0.0498,0.0522,0.054
20,2x4,norm,1,RNK,0.05,0,0,0,0.0514,0.0526,0.0586
20,2x4,norm,1,ART,0.05,0,0,0,0.0506,0.0514,0.0554
20,2x4,norm,1,INT,0.05,0,0,0,0.0504,0.0524,0.053
20,2x4,norm,1,PAR,0.01,0,0,0,0.0096,0.0086,0.011
20,2x4,norm,1,RNK,0.01,0,0,0,0.011,0.008,0.0114
20,2x4,norm,1,ART,0.01,0,0,0,0.011,0.008,0.0116
20,2x4,norm,1,INT,0.01,0,0,0,0.0104,0.0094,0.0106
20,2x4,norm,1.5,PAR,0.05,0,0,0,0.0552,0.0512,0.0484
20,2x4,norm,1.5,RNK,0.05,0,0,0,0.0556,0.0514,0.0492
20,2x4,norm,1.5,ART,0.05,0,0,0,0.056,0.0614,0.061
20,2x4,norm,1.5,INT,0.05,0,0,0,0.0484,0.0514,0.05
20,2x4,norm,1.5,PAR,0.01,0,0,0,0.0098,0.0094,0.0096
20,2x4,norm,1.5,RNK,0.01,0,0,0,0.008,0.0098,0.0094
20,2x4,norm,1.5,ART,0.01,0,0,0,0.0084,0.0132,0.0138
20,2x4,norm,1.5,INT,0.01,0,0,0,0.0074,0.009,0.0116
20,2x4,norm,2,PAR,0.05,0,0,0,0.052,0.0516,0.0544
20,2x4,norm,2,RNK,0.05,0,0,0,0.056,0.0544,0.0532
20,2x4,norm,2,ART,0.05,0,0,0,0.0532,0.088,0.0848
20,2x4,norm,2,INT,0.05,0,0,0,0.0398,0.0526,0.0506
20,2x4,norm,2,PAR,0.01,0,0,0,0.012,0.0112,0.0112
20,2x4,norm,2,RNK,0.01,0,0,0,0.0104,0.012,0.0124
20,2x4,norm,2,ART,0.01,0,0,0,0.0106,0.022,0.023
20,2x4,norm,2,INT,0.01,0,0,0,0.0066,0.0114,0.0132
20,2x4,norm,2.5,PAR,0.05,0,0,0,0.0526,0.0538,0.0592
20,2x4,norm,2.5,RNK,0.05,0,0,0,0.0558,0.055,0.0522
20,2x4,norm,2.5,ART,0.05,0,0,0,0.0542,0.1176,0.1158
20,2x4,norm,2.5,INT,0.05,0,0,0,0.0322,0.0548,0.0564
20,2x4,norm,2.5,PAR,0.01,0,0,0,0.0094,0.0112,0.0112
20,2x4,norm,2.5,RNK,0.01,0,0,0,0.011,0.0108,0.0094
20,2x4,norm,2.5,ART,0.01,0,0,0,0.0108,0.0338,0.0332
20,2x4,norm,2.5,INT,0.01,0,0,0,0.0054,0.0112,0.011
20,2x4,norm,3,PAR,0.05,0,0,0,0.0506,0.057,0.0508
20,2x4,norm,3,RNK,0.05,0,0,0,0.0522,0.057,0.0538
20,2x4,norm,3,ART,0.05,0,0,0,0.0536,0.1524,0.1472
20,2x4,norm,3,INT,0.05,0,0,0,0.0312,0.0548,0.0544
20,2x4,norm,3,PAR,0.01,0,0,0,0.0106,0.011,0.0108
20,2x4,norm,3,RNK,0.01,0,0,0,0.0118,0.0122,0.0128
20,2x4,norm,3,ART,0.01,0,0,0,0.012,0.0514,0.0484
20,2x4,norm,3,INT,0.01,0,0,0,0.006,0.0114,0.0116
20,2x4,likert_5,1,PAR,0.05,0,0,0,0.0442,0.0476,0.0524
20,2x4,likert_5,1,RNK,0.05,0,0,0,0.0434,0.0478,0.0522
20,2x4,likert_5,1,ART,0.05,0,0,0,0.0608,0.0462,0.0608
20,2x4,likert_5,1,INT,0.05,0,0,0,0.044,0.047,0.0522
20,2x4,likert_5,1,PAR,0.01,0,0,0,0.0084,0.0078,0.0106
20,2x4,likert_5,1,RNK,0.01,0,0,0,0.0098,0.008,0.0094
20,2x4,likert_5,1,ART,0.01,0,0,0,0.0128,0.0086,0.0124
20,2x4,likert_5,1,INT,0.01,0,0,0,0.0086,0.0076,0.0096
20,2x4,likert_5,1.5,PAR,0.05,0,0,0,0.0524,0.0556,0.0534
20,2x4,likert_5,1.5,RNK,0.05,0,0,0,0.0548,0.0546,0.0512
20,2x4,likert_5,1.5,ART,0.05,0,0,0,0.0652,0.0656,0.0736
20,2x4,likert_5,1.5,INT,0.05,0,0,0,0.0504,0.0566,0.0534
20,2x4,likert_5,1.5,PAR,0.01,0,0,0,0.0098,0.01,0.014
20,2x4,likert_5,1.5,RNK,0.01,0,0,0,0.0098,0.0098,0.0126
20,2x4,likert_5,1.5,ART,0.01,0,0,0,0.0144,0.0146,0.0188
20,2x4,likert_5,1.5,INT,0.01,0,0,0,0.0094,0.0102,0.014
20,2x4,likert_5,2,PAR,0.05,0,0,0,0.0492,0.0456,0.0472
20,2x4,likert_5,2,RNK,0.05,0,0,0,0.05,0.0468,0.0468
20,2x4,likert_5,2,ART,0.05,0,0,0,0.0666,0.0856,0.088
20,2x4,likert_5,2,INT,0.05,0,0,0,0.0428,0.0478,0.048
20,2x4,likert_5,2,PAR,0.01,0,0,0,0.0096,0.009,0.009
20,2x4,likert_5,2,RNK,0.01,0,0,0,0.0096,0.0096,0.0078
20,2x4,likert_5,2,ART,0.01,0,0,0,0.016,0.0206,0.0214
20,2x4,likert_5,2,INT,0.01,0,0,0,0.008,0.0096,0.0086
20,2x4,likert_5,2.5,PAR,0.05,0,0,0,0.053,0.0546,0.0528
20,2x4,likert_5,2.5,RNK,0.05,0,0,0,0.0592,0.0524,0.052
20,2x4,likert_5,2.5,ART,0.05,0,0,0,0.077,0.1128,0.121
20,2x4,likert_5,2.5,INT,0.05,0,0,0,0.0388,0.0548,0.0522
20,2x4,likert_5,2.5,PAR,0.01,0,0,0,0.012,0.0128,0.0138
20,2x4,likert_5,2.5,RNK,0.01,0,0,0,0.0126,0.0122,0.0126
20,2x4,likert_5,2.5,ART,0.01,0,0,0,0.0192,0.0322,0.0396
20,2x4,likert_5,2.5,INT,0.01,0,0,0,0.0068,0.012,0.014
20,2x4,likert_5,3,PAR,0.05,0,0,0,0.0532,0.0498,0.05
20,2x4,likert_5,3,RNK,0.05,0,0,0,0.0602,0.0486,0.0474
20,2x4,likert_5,3,ART,0.05,0,0,0,0.0728,0.1584,0.167
20,2x4,likert_5,3,INT,0.05,0,0,0,0.0392,0.0502,0.0502
20,2x4,likert_5,3,PAR,0.01,0,0,0,0.0116,0.0106,0.0112
20,2x4,likert_5,3,RNK,0.01,0,0,0,0.013,0.0104,0.0102
20,2x4,likert_5,3,ART,0.01,0,0,0,0.0194,0.045,0.0516
20,2x4,likert_5,3,INT,0.01,0,0,0,0.0076,0.0106,0.0116
20,2x4,likert_5_flex,1,PAR,0.05,0,0,0,0.049,0.0548,0.0468
20,2x4,likert_5_flex,1,RNK,0.05,0,0,0,0.051,0.0528,0.0472
20,2x4,likert_5_flex,1,ART,0.05,0,0,0,0.1126,0.061,0.0874
20,2x4,likert_5_flex,1,INT,0.05,0,0,0,0.0512,0.0546,0.0452
20,2x4,likert_5_flex,1,PAR,0.01,0,0,0,0.0116,0.0118,0.0104
20,2x4,likert_5_flex,1,RNK,0.01,0,0,0,0.0122,0.0124,0.0094
20,2x4,likert_5_flex,1,ART,0.01,0,0,0,0.0412,0.0136,0.0288
20,2x4,likert_5_flex,1,INT,0.01,0,0,0,0.0112,0.013,0.0106
20,2x4,likert_5_flex,1.5,PAR,0.05,0,0,0,0.1112,0.0486,0.0516
20,2x4,likert_5_flex,1.5,RNK,0.05,0,0,0,0.0742,0.0516,0.053
20,2x4,likert_5_flex,1.5,ART,0.05,0,0,0,0.133,0.0874,0.1224
20,2x4,likert_5_flex,1.5,INT,0.05,0,0,0,0.0758,0.0522,0.0522
20,2x4,likert_5_flex,1.5,PAR,0.01,0,0,0,0.032,0.0116,0.0098
20,2x4,likert_5_flex,1.5,RNK,0.01,0,0,0,0.0178,0.0114,0.0088
20,2x4,likert_5_flex,1.5,ART,0.01,0,0,0,0.0536,0.0226,0.039
20,2x4,likert_5_flex,1.5,INT,0.01,0,0,0,0.0198,0.011,0.009
20,2x4,likert_5_flex,2,PAR,0.05,0,0,0,0.201,0.0562,0.05
20,2x4,likert_5_flex,2,RNK,0.05,0,0,0,0.1104,0.0546,0.0498
20,2x4,likert_5_flex,2,ART,0.05,0,0,0,0.166,0.1456,0.1638
20,2x4,likert_5_flex,2,INT,0.05,0,0,0,0.1116,0.0562,0.0482
20,2x4,likert_5_flex,2,PAR,0.01,0,0,0,0.0806,0.0124,0.0106
20,2x4,likert_5_flex,2,RNK,0.01,0,0,0,0.038,0.0128,0.0112
20,2x4,likert_5_flex,2,ART,0.01,0,0,0,0.079,0.0496,0.071
20,2x4,likert_5_flex,2,INT,0.01,0,0,0,0.042,0.012,0.0098
20,2x4,likert_5_flex,2.5,PAR,0.05,0,0,0,0.2946,0.0494,0.0482
20,2x4,likert_5_flex,2.5,RNK,0.05,0,0,0,0.159,0.052,0.0516
20,2x4,likert_5_flex,2.5,ART,0.05,0,0,0,0.2128,0.2138,0.2228
20,2x4,likert_5_flex,2.5,INT,0.05,0,0,0,0.1582,0.053,0.0508
20,2x4,likert_5_flex,2.5,PAR,0.01,0,0,0,0.1506,0.0102,0.0108
20,2x4,likert_5_flex,2.5,RNK,0.01,0,0,0,0.0702,0.01,0.0106
20,2x4,likert_5_flex,2.5,ART,0.01,0,0,0,0.1168,0.0814,0.1036
20,2x4,likert_5_flex,2.5,INT,0.01,0,0,0,0.0698,0.0106,0.0108
20,2x4,likert_5_flex,3,PAR,0.05,0,0,0,0.3352,0.051,0.051
20,2x4,likert_5_flex,3,RNK,0.05,0,0,0,0.1844,0.0512,0.0516
20,2x4,likert_5_flex,3,ART,0.05,0,0,0,0.2428,0.254,0.2724
20,2x4,likert_5_flex,3,INT,0.05,0,0,0,0.1732,0.0534,0.0536
20,2x4,likert_5_flex,3,PAR,0.01,0,0,0,0.191,0.0114,0.0104
20,2x4,likert_5_flex,3,RNK,0.01,0,0,0,0.0902,0.0112,0.01
20,2x4,likert_5_flex,3,ART,0.01,0,0,0,0.1368,0.1118,0.1334
20,2x4,likert_5_flex,3,INT,0.01,0,0,0,0.0906,0.0126,0.0098
20,2x4,likert_7,1,PAR,0.05,0,0,0,0.0496,0.0474,0.0494
20,2x4,likert_7,1,RNK,0.05,0,0,0,0.0498,0.0468,0.0492
20,2x4,likert_7,1,ART,0.05,0,0,0,0.0528,0.05,0.052
20,2x4,likert_7,1,INT,0.05,0,0,0,0.0474,0.047,0.05
20,2x4,likert_7,1,PAR,0.01,0,0,0,0.0098,0.0098,0.0088
20,2x4,likert_7,1,RNK,0.01,0,0,0,0.01,0.0092,0.009
20,2x4,likert_7,1,ART,0.01,0,0,0,0.0114,0.0096,0.0108
20,2x4,likert_7,1,INT,0.01,0,0,0,0.0092,0.0094,0.009
20,2x4,likert_7,1.5,PAR,0.05,0,0,0,0.0572,0.05,0.055
20,2x4,likert_7,1.5,RNK,0.05,0,0,0,0.057,0.0484,0.054
20,2x4,likert_7,1.5,ART,0.05,0,0,0,0.0674,0.0578,0.0682
20,2x4,likert_7,1.5,INT,0.05,0,0,0,0.0534,0.0508,0.0544
20,2x4,likert_7,1.5,PAR,0.01,0,0,0,0.0112,0.0094,0.0128
20,2x4,likert_7,1.5,RNK,0.01,0,0,0,0.0128,0.009,0.0134
20,2x4,likert_7,1.5,ART,0.01,0,0,0,0.0124,0.014,0.0172
20,2x4,likert_7,1.5,INT,0.01,0,0,0,0.0094,0.0098,0.0132
20,2x4,likert_7,2,PAR,0.05,0,0,0,0.0536,0.051,0.046
20,2x4,likert_7,2,RNK,0.05,0,0,0,0.0556,0.0522,0.0466
20,2x4,likert_7,2,ART,0.05,0,0,0,0.0634,0.0754,0.078
20,2x4,likert_7,2,INT,0.05,0,0,0,0.0442,0.0498,0.0458
20,2x4,likert_7,2,PAR,0.01,0,0,0,0.0114,0.0088,0.0102
20,2x4,likert_7,2,RNK,0.01,0,0,0,0.0122,0.0102,0.0088
20,2x4,likert_7,2,ART,0.01,0,0,0,0.0134,0.0196,0.0182
20,2x4,likert_7,2,INT,0.01,0,0,0,0.008,0.0098,0.0094
20,2x4,likert_7,2.5,PAR,0.05,0,0,0,0.0548,0.0536,0.0566
20,2x4,likert_7,2.5,RNK,0.05,0,0,0,0.054,0.055,0.0562
20,2x4,likert_7,2.5,ART,0.05,0,0,0,0.06,0.1022,0.1092
20,2x4,likert_7,2.5,INT,0.05,0,0,0,0.0362,0.0548,0.0552
20,2x4,likert_7,2.5,PAR,0.01,0,0,0,0.0104,0.0118,0.0102
20,2x4,likert_7,2.5,RNK,0.01,0,0,0,0.0134,0.0108,0.0112
20,2x4,likert_7,2.5,ART,0.01,0,0,0,0.0162,0.0258,0.0274
20,2x4,likert_7,2.5,INT,0.01,0,0,0,0.0074,0.0118,0.0102
20,2x4,likert_7,3,PAR,0.05,0,0,0,0.048,0.0534,0.0508
20,2x4,likert_7,3,RNK,0.05,0,0,0,0.056,0.0536,0.0512
20,2x4,likert_7,3,ART,0.05,0,0,0,0.0634,0.1222,0.1332
20,2x4,likert_7,3,INT,0.05,0,0,0,0.0332,0.0518,0.051
20,2x4,likert_7,3,PAR,0.01,0,0,0,0.01,0.011,0.0096
20,2x4,likert_7,3,RNK,0.01,0,0,0,0.013,0.0102,0.0094
20,2x4,likert_7,3,ART,0.01,0,0,0,0.015,0.036,0.037
20,2x4,likert_7,3,INT,0.01,0,0,0,0.0058,0.0104,0.0096
20,2x4,likert_7_flex,1,PAR,0.05,0,0,0,0.0508,0.0514,0.046
20,2x4,likert_7_flex,1,RNK,0.05,0,0,0,0.0512,0.0492,0.0474
20,2x4,likert_7_flex,1,ART,0.05,0,0,0,0.0786,0.053,0.0718
20,2x4,likert_7_flex,1,INT,0.05,0,0,0,0.0508,0.048,0.0452
20,2x4,likert_7_flex,1,PAR,0.01,0,0,0,0.0102,0.0102,0.0094
20,2x4,likert_7_flex,1,RNK,0.01,0,0,0,0.0092,0.01,0.0074
20,2x4,likert_7_flex,1,ART,0.01,0,0,0,0.019,0.0116,0.017
20,2x4,likert_7_flex,1,INT,0.01,0,0,0,0.0094,0.0108,0.0084
20,2x4,likert_7_flex,1.5,PAR,0.05,0,0,0,0.0876,0.0476,0.0496
20,2x4,likert_7_flex,1.5,RNK,0.05,0,0,0,0.0584,0.0516,0.0508
20,2x4,likert_7_flex,1.5,ART,0.05,0,0,0,0.0918,0.077,0.0952
20,2x4,likert_7_flex,1.5,INT,0.05,0,0,0,0.0554,0.0514,0.0502
20,2x4,likert_7_flex,1.5,PAR,0.01,0,0,0,0.0234,0.0102,0.0088
20,2x4,likert_7_flex,1.5,RNK,0.01,0,0,0,0.012,0.01,0.0094
20,2x4,likert_7_flex,1.5,ART,0.01,0,0,0,0.0306,0.0192,0.0268
20,2x4,likert_7_flex,1.5,INT,0.01,0,0,0,0.0128,0.0112,0.0082
20,2x4,likert_7_flex,2,PAR,0.05,0,0,0,0.1632,0.0516,0.0472
20,2x4,likert_7_flex,2,RNK,0.05,0,0,0,0.074,0.0486,0.0472
20,2x4,likert_7_flex,2,ART,0.05,0,0,0,0.1122,0.1288,0.1328
20,2x4,likert_7_flex,2,INT,0.05,0,0,0,0.0652,0.052,0.0464
20,2x4,likert_7_flex,2,PAR,0.01,0,0,0,0.0566,0.0078,0.0096
20,2x4,likert_7_flex,2,RNK,0.01,0,0,0,0.018,0.0088,0.0086
20,2x4,likert_7_flex,2,ART,0.01,0,0,0,0.0412,0.0336,0.048
20,2x4,likert_7_flex,2,INT,0.01,0,0,0,0.018,0.0084,0.0098
20,2x4,likert_7_flex,2.5,PAR,0.05,0,0,0,0.2412,0.0468,0.0486
20,2x4,likert_7_flex,2.5,RNK,0.05,0,0,0,0.1042,0.0494,0.0412
20,2x4,likert_7_flex,2.5,ART,0.05,0,0,0,0.1532,0.169,0.184
20,2x4,likert_7_flex,2.5,INT,0.05,0,0,0,0.0898,0.0498,0.043
20,2x4,likert_7_flex,2.5,PAR,0.01,0,0,0,0.1142,0.0104,0.0088
20,2x4,likert_7_flex,2.5,RNK,0.01,0,0,0,0.0324,0.0092,0.0062
20,2x4,likert_7_flex,2.5,ART,0.01,0,0,0,0.0676,0.0612,0.0722
20,2x4,likert_7_flex,2.5,INT,0.01,0,0,0,0.0314,0.0098,0.0092
20,2x4,likert_7_flex,3,PAR,0.05,0,0,0,0.2584,0.0522,0.0542
20,2x4,likert_7_flex,3,RNK,0.05,0,0,0,0.108,0.0506,0.0542
20,2x4,likert_7_flex,3,ART,0.05,0,0,0,0.1654,0.2214,0.2316
20,2x4,likert_7_flex,3,INT,0.05,0,0,0,0.0894,0.05,0.055
20,2x4,likert_7_flex,3,PAR,0.01,0,0,0,0.1348,0.0092,0.0146
20,2x4,likert_7_flex,3,RNK,0.01,0,0,0,0.041,0.0104,0.015
20,2x4,likert_7_flex,3,ART,0.01,0,0,0,0.0712,0.09,0.1066
20,2x4,likert_7_flex,3,INT,0.01,0,0,0,0.0356,0.0112,0.0146
